Codes,Names,IGX,IGY,County,AU25_08M2,AU25_08M3,AU25_08M4,AU25_08M5,AU25_08M6,AU25_08M7,AU25_08M8,AU25_08M9,AU25_08M10,AU25_08M11,AU25_08M12,AU25_09M1,AU25_09M2,AU25_09M3,AU25_09M4,AU25_09M5,AU25_09M6,AU25_09M7,AU25_09M8,AU25_09M9,AU25_09M10,AU25_09M11,AU25_09M12,AU25_10M1,AU25_10M2,AU25_10M3,AU25_10M4,AU25_10M5,AU25_10M6,AU25_10M7,AU25_10M8,AU25_10M9,AU25_10M10,AU25_10M11,AU25_10M12,AU25_11M1,AU25_11M2,AU25_11M3,AU25_11M4,AU25_11M5,AU25_11M6,AU25_11M7,AU25_11M8,AU25_11M9,AU25_11M10,AU25_11M11,AU25_11M12,AU25_12M1,AU25_12M2,AU25_12M3,AU25_12M4,AU25_12M5,AU25_12M6,AU25_12M7,AU25_12M8,AU25_12M9,AU25_12M10,AU25_12M11,AU25_12M12,AU25_13M1,AU25_13M2,AU25_13M3,AU25_13M4,AU25_13M5,AU25_13M6,AU25_13M7,AU25_13M8,AU25_13M9,AU25_13M10,AU25_13M11,AU25_13M12,AU25_14M1,AU25_14M2,AU25_14M3,AU25_14M4,AU25_14M5,AU25_14M6,AU25_14M7,AU25_14M8,AU25_14M9,AU25_14M10,AU25_14M11,AU25_14M12,AU25_15M01,AU25_15M02,AU25_15M03,AU25_15M04,AU25_15M05,AU25_15M06,AU25_15M07,AU25_15M08,AU25_15M09,AU25_15M10,AU25_15M11,AU25_15M12,AU25_16M01,AU25_16M02,AU25_16M03,AU25_16M04,AU25_16M05,AU25_16M06,AU25_16M07,AU25_16M08,AU25_16M09
1,Muine Bheag (Bagenalstown),270526,161542,Carlow,136,156,169,168,187,208,213,205,199,207,227,255,274,295,287,312,347,360,356,337,335,333,347,350,350,352,349,376,408,417,413,363,338,337,330,345,334,339,333,376,400,401,399,342,331,318,303,316,316,308,295,305,351,365,352,298,285,276,288,290,278,256,248,285,304,309,297,270,257,236,228,236,229,229,222,241,254,246,237,201,193,187,185,192,196,189,175,201,203,214,203,175,165,163,164,163,168,160,153,162,163,167,171,127
2,Carlow,272548,176440,Carlow,391,397,405,441,480,517,552,528,492,510,537,581,664,693,696,730,816,881,887,795,765,786,797,786,806,828,820,857,921,951,945,901,799,790,803,802,797,809,777,790,863,900,883,780,768,747,717,721,715,710,702,732,809,833,863,740,723,681,678,700,718,715,706,746,775,782,765,678,682,659,656,680,642,644,622,660,694,712,722,644,574,551,544,548,537,528,508,548,590,602,586,509,458,430,427,437,451,428,434,468,508,514,524,458
3,Tullow,286135,172321,Carlow,105,114,117,134,148,177,184,178,173,182,188,228,236,243,252,269,303,287,280,259,253,265,273,278,280,283,284,297,322,309,312,295,267,257,274,269,275,276,258,267,282,290,280,259,259,251,253,250,246,246,228,236,259,243,243,232,223,227,222,245,263,257,246,259,268,266,270,258,237,228,217,230,225,212,204,196,212,224,218,188,164,160,164,167,169,167,151,165,166,182,184,163,161,157,154,149,151,151,145,151,158,159,150,122
4,Ballyconnell,227295,318632,Cavan,86,90,94,105,125,145,157,152,151,152,160,190,217,233,235,246,293,314,322,285,257,248,247,252,248,246,234,243,275,309,298,292,281,267,257,262,264,258,246,238,267,276,273,233,211,193,194,200,186,182,177,179,226,240,246,224,205,199,193,182,188,183,173,177,190,205,207,201,187,178,180,182,183,168,166,160,179,188,181,163,154,160,156,156,152,152,147,150,165,168,164,142,139,128,120,114,113,118,112,109,122,124,119,99
5,Cavan,242371,305017,Cavan,537,566,603,631,727,792,825,813,847,881,937,1069,1199,1242,1252,1273,1376,1427,1422,1358,1248,1272,1276,1268,1263,1287,1252,1297,1381,1451,1428,1312,1216,1199,1228,1231,1239,1192,1190,1216,1351,1360,1381,1224,1141,1128,1108,1067,1069,1035,995,1013,1190,1239,1223,1117,1081,1022,975,997,1002,1007,997,1042,1159,1190,1202,1064,986,963,945,972,976,939,933,945,1001,1017,1023,851,811,786,760,771,733,725,705,716,784,813,837,723,658,628,638,647,633,589,576,607,635,655,670,567
6,Ennis,134024,177086,Clare,557,559,532,569,670,764,776,733,754,805,842,983,1020,1087,1095,1142,1241,1269,1303,1229,1166,1139,1153,1206,1160,1142,1098,1119,1138,1180,1184,1072,1047,1027,1045,1029,1009,995,989,1006,1066,1101,1111,950,930,917,906,914,909,871,852,855,951,982,968,903,857,811,830,838,841,823,820,859,898,920,915,808,783,728,735,763,751,720,684,693,716,724,703,620,616,601,592,615,606,580,563,595,632,636,622,564,507,487,496,511,478,474,427,433,464,486,487,421
7,Ennistymon,113080,188391,Clare,110,112,111,118,134,149,158,159,161,177,205,225,245,252,237,226,258,268,272,268,274,285,299,320,321,307,288,288,299,300,285,266,276,287,292,305,294,280,254,247,268,267,255,232,253,257,267,271,262,249,245,229,234,234,230,231,225,229,239,241,229,220,209,204,206,207,197,189,200,214,231,246,229,204,180,172,174,166,166,148,180,197,201,201,196,180,161,136,135,127,122,115,122,133,150,157,157,134,125,103,99,100,92,89
8,Kilrush,99549,154773,Clare,161,157,150,160,181,198,204,203,208,228,251,284,292,295,287,299,313,317,330,314,307,308,317,316,331,314,305,308,313,335,327,291,278,283,302,299,295,273,268,275,291,294,285,270,261,261,275,274,285,266,255,262,274,291,281,266,248,246,256,264,250,243,245,258,277,270,260,253,237,227,221,229,217,211,202,189,190,199,201,172,173,180,182,178,162,146,152,141,157,169,164,147,136,150,151,153,136,133,134,128,135,131,139,128
9,Tulla,149087,179534,Clare,95,93,103,106,128,139,156,163,165,179,191,214,233,244,259,265,280,292,293,270,255,252,257,258,255,263,253,259,274,292,284,260,255,252,257,256,255,244,241,239,251,253,238,215,210,196,201,211,199,195,178,171,211,222,222,211,195,198,200,197,197,178,177,193,200,208,206,174,179,170,171,162,155,156,145,151,160,160,160,139,137,140,136,131,129,129,119,129,149,155,150,131,125,116,111,105,100,99,95,104,124,126,122,103
10,Bandon,149442,54751,Cork County,127,125,138,153,167,185,185,186,200,219,218,253,249,251,249,263,279,293,289,269,251,243,256,233,235,233,221,213,237,243,236,229,232,228,226,219,221,215,195,200,219,227,233,198,207,189,181,184,180,161,161,170,178,186,183,161,150,138,138,137,142,140,139,147,165,176,179,165,153,139,139,129,137,139,138,144,144,141,132,116,117,104,105,99,92,87,91,98,97,102,95,90,86,89,81,78,76,82,69,75,82,77,80,73
11,Bantry Comb,100273,48572,Cork County,51,53,65,61,70,81,85,90,99,113,129,176,188,217,224,238,265,285,282,248,244,249,261,274,267,275,258,260,256,264,261,233,217,225,241,238,234,228,211,216,227,240,244,211,166,198,210,205,203,195,192,173,206,214,220,201,177,171,171,165,169,173,173,190,203,201,202,178,174,164,168,174,160,154,147,136,149,150,151,126,115,115,120,121,126,127,118,109,113,120,119,103,90,93,98,104,103,96,87,86,89,90,88,81
12,Carrigaline,173004,62133,Cork County,127,128,136,143,187,224,217,207,216,233,256,302,317,328,331,351,373,397,408,381,382,374,376,376,391,405,380,385,424,432,423,391,358,334,332,342,348,367,354,343,361,357,373,324,327,315,316,305,309,307,287,303,322,323,314,274,290,277,276,261,258,247,247,271,291,293,286,266,266,251,254,264,263,256,254,247,246,241,245,220,209,186,168,181,175,178,170,171,190,200,203,168,139,129,125,140,155,143,131,126,120,123,115,108
13,Clonakilty,138457,40662,Cork County,59,65,58,61,81,85,93,86,87,103,101,122,126,138,146,145,156,167,164,163,148,153,164,168,157,164,152,160,180,189,179,166,151,161,160,185,186,166,163,164,174,182,181,168,162,159,162,159,160,147,142,135,138,149,146,137,136,135,135,140,137,125,124,118,131,132,134,121,120,125,121,115,113,114,108,98,104,109,107,100,99,86,83,85,85,77,74,69,75,76,77,73,71,74,66,69,68,68,66,66,61,65,64,53
14,Cobh,178419,66072,Cork County,99,99,103,105,124,114,128,121,136,128,143,160,164,170,176,191,218,230,223,185,172,170,169,189,201,195,184,221,246,260,254,197,199,189,189,194,208,197,186,210,219,233,249,209,217,219,226,223,220,214,200,217,258,258,262,201,193,192,188,196,208,198,195,208,215,221,214,170,182,174,169,171,172,168,172,206,211,201,220,193,178,163,161,163,170,165,153,165,173,168,171,158,150,148,150,149,150,135,132,129,132,148,126,107
15,Cork City,167902,71411,Cork City,1925,1983,1969,1986,2353,2603,2756,2692,2479,2558,2761,3068,3285,3524,3626,3701,4013,4296,4217,4093,3879,3749,3819,3851,3828,3812,3733,3827,4061,4340,4347,4145,3839,3696,3664,3690,3718,3719,3586,3568,3937,4123,4053,3799,3694,3481,3274,3425,3384,3391,3251,3320,3611,3715,3626,3395,3186,2878,2789,2848,2809,2695,2684,2746,2973,3042,2963,2784,2576,2366,2307,2431,2463,2378,2332,2375,2475,2461,2455,2206,2055,1843,1732,1819,1942,1897,1868,1894,2032,2095,2003,1905,1607,1482,1373,1480,1523,1447,1403,1433,1477,1469,1513,1365
16,Dunmanway,123160,52570,Cork County,No Data,No Data,No Data,No Data,No Data,No Data,No Data,No Data,No Data,No Data,No Data,No Data,No Data,No Data,No Data,No Data,No Data,No Data,No Data,No Data,No Data,No Data,No Data,No Data,No Data,No Data,No Data,No Data,No Data,No Data,No Data,No Data,No Data,No Data,No Data,No Data,No Data,No Data,No Data,No Data,No Data,No Data,No Data,No Data,No Data,No Data,No Data,No Data,No Data,No Data,No Data,No Data,No Data,No Data,No Data,No Data,No Data,No Data,No Data,No Data,No Data,No Data,No Data,No Data ,No Data,No Data,No Data,No Data,No Data,No Data,No Data,No Data,No Data,No Data,No Data,No Data,No Data,No Data,No Data,No Data,No Data,No Data,No Data,No Data,No Data,No Data,No Data,No Data,No Data,No Data,No Data,No Data,No Data,No Data,No Data,No Data,No Data,No Data,No Data,No Data,No Data,No Data,No Data,No Data
17,Fermoy,182225,98234,Cork County,217,228,232,230,259,289,322,310,304,310,345,383,404,430,451,479,510,532,539,533,526,507,516,515,512,520,485,488,531,543,557,536,487,479,482,469,470,445,403,406,444,472,478,439,421,400,410,415,425,403,385,388,434,447,440,421,393,369,365,358,359,347,346,374,412,415,415,390,363,332,343,326,333,311,316,321,340,350,329,299,281,276,268,251,247,240,251,253,267,266,259,245,215,206,199,207,207,196,187,189,198,189,187,174
18,Kinsale,164492,50364,Cork County,56,64,66,75,81,89,99,99,99,117,117,131,136,142,138,151,161,168,169,158,126,123,133,133,133,124,120,116,135,143,137,144,124,129,131,132,124,127,111,123,138,137,136,116,112,122,121,123,116,99,95,101,111,107,110,104,89,99,100,100,100,98,94,104,110,104,103,102,94,81,78,80,73,69,72,75,69,61,56,57,50,59,60,61,61,51,47,55,59,59,62,50,55,51,56,61,56,54,48,47,48,43,43,42
19,Macroom,135153,72011,Cork County,98,91,91,96,118,134,145,149,157,170,194,225,248,277,296,311,339,350,353,335,304,287,305,290,292,283,271,279,312,334,335,324,290,277,266,271,244,240,225,233,270,292,285,265,265,249,235,236,222,216,214,216,247,246,240,224,199,197,189,196,203,189,191,195,212,226,218,204,186,169,168,180,163,159,166,180,184,172,170,153,133,134,129,139,121,115,114,120,110,123,127,115,102,102,106,102,104,94,89,96,107,109,107,94
20,Mallow,155805,98305,Cork County,237,236,235,251,281,308,331,313,291,306,349,388,432,448,454,474,515,523,528,526,483,474,481,495,482,477,472,492,526,564,576,552,519,503,493,467,467,452,451,451,485,509,490,464,443,416,408,410,416,401,410,432,474,484,475,446,418,389,390,377,371,364,354,367,395,434,421,399,374,362,351,345,338,342,329,339,357,366,363,320,302,278,279,295,275,270,263,273,271,287,271,242,215,217,201,209,201,196,182,191,208,215,228,195
21,Midleton,188466,72924,Cork County,187,193,195,189,223,252,249,262,242,287,313,380,387,398,401,418,454,474,436,409,413,424,423,441,436,438,410,420,438,479,462,438,441,432,418,432,432,434,412,413,423,440,422,402,403,406,397,411,410,408,390,387,412,395,380,347,341,345,349,353,350,336,321,344,368,373,370,346,319,288,290,301,314,310,285,281,290,281,274,243,233,219,206,220,227,201,196,199,194,211,211,193,178,174,155,159,168,157,149,150,150,154,153,154
22,Newmarket,131789,107313,Cork County,103,108,102,110,135,149,151,137,162,176,190,246,273,283,287,293,322,360,378,334,331,313,341,354,364,354,340,341,380,384,369,331,312,302,311,304,301,303,294,305,326,330,340,304,289,285,281,297,295,289,273,275,294,293,283,271,260,249,263,272,272,257,254,255,264,288,254,228,212,194,191,198,189,178,169,178,174,191,184,139,126,131,128,174,170,131,128,140,135,137,144,120,94,87,134,135,132,92,80,91,102,107,107,84
23,Skibbereen,112493,33448,Cork County,61,58,51,57,68,78,78,67,71,94,100,120,139,147,152,169,194,200,211,217,217,219,220,232,233,231,207,206,223,228,234,216,194,191,212,210,204,194,186,177,191,178,180,142,148,150,139,130,136,134,135,140,156,166,162,158,153,156,154,151,149,150,143,150,147,154,159,140,148,135,132,138,136,128,130,126,135,150,145,127,121,122,113,111,95,89,76,73,75,78,82,77,70,67,63,65,64,59,53,49,46,49,50,44
24,Youghal,210427,77491,Cork County,162,167,160,173,186,211,216,198,203,217,233,280,299,303,302,301,323,325,309,292,280,291,281,276,271,273,269,298,317,320,313,295,270,270,284,288,297,295,286,290,318,325,326,296,282,260,262,271,269,254,243,261,270,283,283,248,237,240,238,246,256,248,231,233,262,258,250,237,233,222,218,208,207,200,197,202,215,216,211,181,161,155,155,160,163,157,149,164,180,188,201,183,164,171,163,169,159,143,134,144,149,161,155,131
25,Ballybofey,214016,394611,Donegal,307,302,314,366,417,458,472,460,473,497,527,601,651,674,661,683,734,773,761,682,644,624,634,667,651,657,653,688,752,756,749,666,637,639,657,667,654,652,633,660,737,766,772,672,638,621,590,605,607,596,579,613,687,689,708,602,581,604,597,614,599,581,555,589,655,660,676,640,573,568,561,562,556,536,526,559,620,615,604,536,490,470,453,443,450,423,399,420,477,489,482,423,400,385,372,372,360,341,329,361,372,369,371,337
26,Ballyshannon,187721,361416,Donegal,163,173,172,160,187,191,189,188,207,244,254,284,282,299,298,320,334,329,326,315,321,335,365,352,335,328,318,329,336,348,344,340,336,333,335,330,320,319,317,318,347,359,350,337,341,334,342,342,336,315,311,320,346,351,345,336,318,313,302,307,310,290,270,278,283,286,284,253,236,225,237,245,244,227,227,234,240,230,230,200,210,203,205,200,191,189,181,193,200,184,182,168,153,166,166,173,179,170,167,158,163,147,151,152
27,Buncrana,235161,432041,Donegal,492,517,524,521,644,702,748,743,795,835,897,1044,1090,1082,1109,1136,1186,1243,1248,1207,1130,1095,1131,1151,1132,1097,1068,1100,1189,1220,1201,1119,1080,1053,1081,1086,1068,1026,1008,999,1061,1109,1111,1021,973,933,967,961,916,867,840,835,887,934,941,855,817,831,826,818,801,773,719,711,759,809,802,735,700,683,649,648,654,633,621,619,669,675,696,629,593,582,574,567,549,541,533,507,523,516,524,471,400,373,365,370,373,368,342,355,360,378,389,328
28,Donegal,193218,378702,Donegal,123,122,118,131,146,162,179,171,186,218,227,249,269,268,277,298,322,319,327,288,285,302,302,315,304,290,283,290,296,295,311,294,266,281,282,294,298,286,288,281,299,283,269,242,241,239,239,240,248,236,225,221,230,234,243,216,208,224,235,239,239,236,223,229,229,219,224,217,223,219,220,227,208,196,188,183,190,198,198,175,153,156,160,175,167,158,144,141,140,137,137,119,129,135,132,136,125,116,105,96,101,115,110,87
29,Dunfanaghy,201826,437314,Donegal,166,169,179,183,198,216,225,213,220,244,276,276,292,293,292,309,338,349,348,316,306,306,320,321,319,310,313,317,355,365,375,348,327,336,332,326,317,305,295,301,336,350,342,301,297,308,309,289,266,270,263,274,294,308,307,265,268,275,284,273,263,259,240,280,285,279,289,231,217,231,234,218,203,204,193,205,228,236,232,180,183,178,179,168,160,146,151,159,188,182,175,153,147,144,148,151,137,136,127,124,125,123,127,96
30,Dungloe,177121,411158,Donegal,181,197,182,185,209,238,269,260,248,263,305,321,322,332,329,365,408,452,449,401,375,371,381,394,384,369,353,382,436,462,469,407,360,340,332,339,319,305,325,343,399,392,389,364,354,331,338,330,327,305,307,329,379,371,376,329,317,310,309,307,299,277,272,299,310,315,326,257,236,221,227,232,213,208,199,197,232,246,252,215,224,210,206,198,202,197,177,182,190,210,210,202,194,189,195,213,205,187,175,180,181,177,165,133
31,Killybegs,171492,376664,Donegal,111,116,121,126,146,170,170,150,165,172,193,220,215,217,211,224,240,237,250,215,195,198,210,220,221,215,201,207,233,257,250,221,218,216,223,232,236,227,225,235,259,259,248,213,205,199,205,208,176,180,187,189,205,205,212,184,175,146,143,153,165,173,176,181,193,193,187,171,163,160,160,166,161,155,144,143,156,151,137,120,104,98,96,117,110,113,104,107,102,102,93,79,73,82,80,102,100,96,101,95,86,83,80,76
32,Letterkenny,217154,411746,Donegal,701,705,710,727,850,943,1034,958,937,1010,1110,1172,1206,1247,1282,1371,1414,1587,1617,1541,1420,1424,1447,1453,1442,1431,1388,1433,1538,1569,1566,1482,1398,1388,1413,1431,1419,1419,1420,1442,1571,1628,1612,1564,1426,1369,1344,1366,1339,1302,1268,1321,1436,1513,1490,1321,1260,1255,1260,1285,1268,1217,1175,1209,1256,1361,1355,1258,1202,1146,1148,1132,1134,1085,1075,1109,1132,1180,1201,1112,1053,1020,955,981,962,929,866,928,984,1021,1022,941,820,820,788,816,842,828,782,784,803,809,785,719
33,Apollo House (Tara Street),316245,234149,Dublin City,167,178,192,192,209,246,279,270,282,274,286,312,331,352,383,383,394,427,474,453,443,433,436,448,445,427,424,447,499,541,553,504,441,444,423,427,423,409,419,428,468,467,467,400,394,375,355,353,353,344,318,336,373,398,399,353,336,297,284,278,276,256,251,287,320,331,346,310,294,275,266,264,272,269,253,268,269,266,273,249,235,213,204,203,No Data,No Data,No Data,No Data,No Data,No Data,No Data,No Data,No Data,No Data,No Data,No Data,No Data,No Data,No Data,No Data,No Data,No Data,No Data,No Data
34,Balbriggan,320282,263536,Fingal,289,293,311,317,348,367,393,399,430,460,515,601,664,726,735,754,827,858,891,885,849,865,883,901,881,860,830,848,884,917,947,898,821,815,837,844,867,873,833,825,835,883,901,845,815,789,750,764,783,781,764,785,817,823,806,720,723,687,688,706,709,696,680,663,683,688,684,681,642,624,611,609,635,652,642,615,653,651,658,595,578,530,519,543,532,504,484,480,494,483,476,441,404,395,383,408,427,430,399,398,420,389,395,349
35,Ballyfermot,309176,233731,Dublin City,473,471,465,469,517,553,564,548,571,632,679,754,824,876,897,923,977,1006,968,945,918,919,881,905,887,917,898,941,991,1032,1017,988,917,894,883,937,955,958,925,935,995,1043,1021,925,922,904,881,917,918,877,863,918,970,983,980,881,837,788,783,824,817,790,783,814,852,863,833,772,705,664,665,696,672,683,671,682,739,738,717,667,615,590,564,572,553,535,536,573,581,593,594,539,466,419,407,435,444,425,402,401,426,419,416,368
36,Ballymun,315510,239684,Dublin City,454,456,464,495,514,536,543,540,561,599,609,649,700,766,787,805,858,842,845,820,833,823,791,803,810,802,810,845,886,899,886,847,819,802,816,833,821,809,806,836,864,876,854,825,800,777,764,790,811,787,780,782,848,825,824,762,766,726,726,712,713,667,672,675,719,731,742,688,696,684,686,678,659,651,633,636,657,656,635,570,534,507,487,479,466,462,472,515,511,517,538,520,500,468,440,434,441,407,411,418,439,454,458,424
37,Bishop Square,315421,234027,Dublin City,621,645,657,680,795,867,933,931,950,975,1047,1187,1303,1366,1326,1386,1459,1545,1673,1672,1612,1560,1546,1576,1524,1536,1474,1556,1752,1793,1823,1721,1629,1517,1504,1539,1537,1530,1516,1503,1670,1733,1741,1614,1461,1414,1335,1343,1345,1324,1287,1332,1513,1554,1512,1445,1385,1255,1209,1251,1235,1206,1164,1214,1313,1375,1336,1260,1159,1061,1035,1065,1065,1075,1023,1053,1149,1130,1114,1023,934,835,837,858,853,839,806,817,872,859,828,760,673,638,621,644,653,626,592,603,630,625,617,553
38,Blanchardstown,307512,238756,Fingal,843,851,873,891,1019,1116,1143,1156,1134,1187,1279,1437,1594,1669,1729,1722,1806,1849,1835,1776,1682,1567,1639,1612,1502,1540,1507,1451,1587,1638,1672,1671,1604,1523,1471,1516,1514,1528,1525,1490,1537,1530,1534,1480,1411,1379,1283,1333,1331,1316,1306,1306,1349,1369,1383,1241,1206,1170,1141,1199,1203,1197,1205,1233,1321,1326,1327,1255,1182,1137,1089,1139,1157,1145,1123,1151,1164,1174,1137,1087,937,882,846,913,906,883,888,941,944,919,875,818,734,696,661,715,727,707,695,703,754,761,746,646
39,Clondalkin,307085,231344,South Dublin,1133,1194,1193,1165,1228,1321,1401,1412,1453,1533,1636,1869,1982,2079,2147,2178,2305,2379,2341,2253,2114,2098,2062,2064,2128,2159,2137,2214,2322,2295,2307,2297,2213,2072,2018,2025,2046,2071,2025,2092,2182,2202,2039,1902,1804,1833,1784,1822,1824,1817,1782,1864,1944,1973,1966,1923,1864,1723,1683,1714,1718,1702,1654,1697,1730,1717,1723,1650,1586,1499,1455,1494,1455,1434,1408,1405,1442,1443,1416,1390,1276,1152,1135,1179,1130,1106,1085,1104,1137,1180,1182,1124,980,891,858,879,904,889,855,857,862,831,825,753
40,Coolock,319698,239108,Dublin City,603,633,641,651,710,736,788,769,798,841,939,1091,1150,1211,1210,1238,1306,1330,1334,1289,1224,1195,1169,1219,1211,1238,1234,1251,1352,1317,1291,1192,1122,1062,1073,1132,1120,1105,1097,1077,1177,1203,1182,1143,1098,1052,1026,1075,1074,1061,1032,1016,1126,1105,1072,979,936,920,891,948,981,989,959,1003,1030,1055,1039,1012,970,887,894,929,930,877,873,900,930,923,933,881,753,718,680,694,683,659,629,665,695,679,705,683,599,558,532,530,532,538,520,540,559,562,591,510
41,Dun Laoghaire,324293,228393,Dun Laoghaire - Rathdown,331,366,358,398,471,521,586,592,637,641,660,817,897,974,1027,1088,1219,1283,1294,1286,1112,1037,1009,1030,1020,1013,988,1034,1118,1187,1187,1100,961,961,942,941,987,1004,961,970,1051,1120,1115,980,947,893,832,853,859,799,766,814,912,936,994,961,810,771,718,748,791,756,773,732,798,824,827,756,687,624,610,634,698,675,639,598,635,636,636,562,496,450,427,425,430,434,437,413,454,465,477,456,389,383,367,401,386,375,341,338,347,351,350,312
42,Finglas,313068,239080,Dublin City,668,674,702,738,805,850,892,855,858,931,994,1138,1228,1217,1238,1248,1367,1413,1464,1408,1285,1244,1244,1229,1245,1254,1238,1271,1367,1413,1411,1333,1240,1180,1193,1223,1260,1244,1212,1243,1318,1352,1323,1213,1151,1128,1122,1154,1177,1136,1103,1118,1267,1273,1262,1168,1137,1063,1033,1101,1122,1133,1152,1167,1215,1203,1220,1128,1052,1034,1025,1064,1079,1117,1102,1104,1153,1186,1154,1011,948,840,880,927,929,899,887,864,927,932,941,871,802,735,734,781,790,758,714,732,799,803,810,731
43,Kilbarrack,322220,239217,Dublin City,382,419,406,433,517,546,575,572,573,629,688,781,863,933,973,1000,1095,1141,1150,1054,1023,974,988,1018,1005,1010,956,1008,1061,1081,1103,1011,936,907,909,935,962,947,948,996,1030,1015,1024,908,900,858,849,858,895,886,847,859,949,927,908,812,829,753,739,774,796,784,774,807,860,877,844,786,751,699,683,712,709,683,657,659,701,716,677,600,574,544,542,578,549,519,512,492,535,553,559,548,461,405,385,400,401,378,348,324,348,375,363,344
44,Kings Inn Street,315490,234750,Dublin City,No Data,No Data,No Data,No Data,No Data,No Data,No Data,No Data,No Data,No Data,No Data,No Data,No Data,No Data,No Data,No Data,No Data,No Data,1624,1488,1427,1365,1370,1412,1386,1402,1374,1343,1418,1496,1504,1535,1404,1379,1340,1371,1383,1353,1310,1309,1413,1446,1466,1300,1233,1187,1160,1175,1185,1155,1142,1149,1245,1255,1241,1172,1080,1057,1045,1081,1093,1072,1060,1124,1178,1174,1166,1057,1012,948,892,892,888,876,873,913,905,901,934,833,774,721,679,734,730,704,671,718,677,683,681,607,559,526,510,522,531,519,507,535,542,517,499,435
45,Navan Road,312205,236470,Dublin City,544,599,592,636,690,735,774,740,763,791,803,907,1007,1046,1052,1137,1233,1252,1273,1257,1183,1189,1197,1214,1198,1194,1129,1180,1273,1323,1319,1281,1202,1134,1116,1142,1122,1115,1065,1088,1187,1228,1235,1150,1086,1049,1021,998,981,977,966,1005,1105,1120,1130,1014,947,925,892,934,959,903,863,918,939,940,969,903,863,816,788,808,811,821,818,828,841,852,863,793,701,638,599,635,617,625,599,601,640,649,637,566,521,506,488,500,508,501,487,444,507,503,494,446
46,Nth Cumberland Street,316033,235076,Dublin City,1087,1078,1085,1124,1235,1307,1413,1395,1312,1373,1553,1634,1833,2041,2114,2212,2348,2481,No Data,No Data,No Data,No Data,No Data,No Data,No Data,No Data,No Data,No Data,No Data,No Data,No Data,No Data,No Data,No Data,No Data,No Data,No Data,No Data,No Data,No Data,No Data,No Data,No Data,No Data,No Data,No Data,No Data,No Data,No Data,No Data,No Data,No Data,No Data,No Data,No Data,No Data,No Data,No Data,No Data,No Data,No Data,No Data,No Data,No Data ,No Data,No Data,No Data,No Data,No Data,No Data,No Data,No Data,No Data,No Data,No Data,No Data,No Data,No Data,No Data,No Data,No Data,No Data,No Data,No Data,No Data,No Data,No Data,No Data,No Data,No Data,No Data,No Data,No Data,No Data,No Data,No Data,No Data,No Data,No Data,No Data,No Data,No Data,No Data,No Data
47,Nutgrove (Rathfarnham),315592,228068,Dun Laoghaire - Rathdown,290,310,322,340,440,464,495,500,510,523,560,661,719,767,752,778,913,941,944,871,748,733,767,772,761,770,748,779,837,923,909,772,705,670,669,667,662,704,684,735,805,832,831,740,717,687,655,663,654,630,628,642,708,727,724,640,571,535,541,540,575,552,501,566,587,619,616,547,525,503,474,496,480,453,457,469,481,499,501,437,437,397,392,381,352,325,327,321,333,309,333,280,286,268,249,273,257,259,254,251,257,263,267,212
48,Swords,318483,246443,Fingal,No Data,No Data,No Data,No Data,No Data,No Data,No Data,No Data,No Data,No Data,No Data,No Data,No Data,No Data,No Data,No Data,No Data,No Data,872,800,759,783,818,860,855,869,860,874,907,898,853,855,785,787,782,798,800,805,804,794,859,874,854,804,767,739,738,753,785,769,767,776,785,805,777,714,661,656,660,684,714,717,705,665,707,711,712,676,597,569,546,582,599,589,561,534,555,563,568,489,462,460,444,482,474,454,433,415,436,454,430,411,368,344,331,344,382,346,321,321,313,311,323,292
49,Tallaght,308083,227198,South Dublin,1093,1110,1089,1118,1239,1356,1388,1346,1351,1429,1589,1765,1973,2056,2149,2246,2451,2551,2554,2433,2397,2382,2422,2444,2461,2474,2489,2516,2611,2753,2761,2653,2401,2288,2369,2396,2449,2463,2376,2358,2446,2538,2655,2401,2330,2261,2288,2353,2429,2387,2297,2315,2360,2382,2439,2252,2177,2117,2151,2178,2186,2240,2190,2271,2357,2313,2249,2112,2024,1980,1958,2032,2020,2005,1978,1990,2065,2058,1987,1802,1676,1633,1650,1630,1580,1563,1551,1649,1659,1646,1647,1523,1365,1331,1282,1321,1357,1296,1305,1320,1376,1388,1357,1219
50,Thomas Street,314784,233867,Dublin City,404,414,419,445,491,530,539,531,531,542,590,668,695,727,739,789,872,850,885,799,754,754,767,780,790,769,774,813,896,952,950,884,810,798,777,805,797,777,800,835,913,925,898,819,770,774,758,764,766,760,738,777,844,866,847,779,743,714,706,720,710,695,686,726,763,771,758,738,641,587,579,592,576,565,556,591,642,644,644,590,514,458,419,460,No Data,No Data,No Data,No Data,No Data,No Data,No Data,No Data,No Data,No Data,No Data,No Data,No Data,No Data,No Data,No Data,No Data,No Data,No Data,No Data
51,Ballinasloe,186820,230444,Galway County,263,275,268,282,309,327,337,326,348,374,423,461,506,536,529,549,599,622,632,570,510,517,549,558,547,559,559,581,623,621,620,572,542,531,537,524,522,528,504,491,532,551,546,459,457,435,443,441,442,418,422,423,460,485,503,460,446,435,439,434,421,391,385,396,417,441,450,399,387,387,382,404,401,387,374,380,400,395,403,369,348,339,341,340,339,329,305,306,303,300,310,273,255,257,258,269,277,266,260,273,282,277,265,235
52,Clifden,66008,250181,Galway County,156,150,153,152,156,161,167,167,171,199,216,239,230,228,210,220,230,244,250,222,230,247,248,253,240,247,210,210,246,257,250,225,211,221,232,233,232,237,209,212,226,226,221,222,206,210,215,211,210,195,187,177,198,192,200,172,168,193,197,205,200,185,170,169,169,166,153,140,138,158,171,166,163,151,125,116,119,101,107,86,85,112,125,130,132,118,96,77,79,74,77,62,58,89,91,102,93,80,67,60,56,54,54,53
53,Galway City,130193,225274,Galway City,1334,1379,1418,1584,1805,1919,1938,1884,1814,1870,1981,2263,2459,2475,2508,2621,2938,3063,3091,3032,2687,2539,2517,2563,2525,2488,2436,2466,2602,2732,2733,2598,2411,2264,2243,2244,2243,2232,2182,2215,2357,2436,2440,2222,2100,2048,1956,2003,1958,1913,1830,1824,1945,2056,2076,1926,1753,1603,1648,1681,1735,1735,1670,1714,1809,1876,1865,1685,1552,1402,1365,1379,1383,1371,1293,1367,1407,1419,1382,1199,1102,1134,1071,1105,1114,1049,1034,1039,1088,1141,1138,974,828,808,785,829,850,825,787,817,875,875,868,760
54,Gort,145225,201807,Galway County,102,92,100,107,139,147,159,147,136,154,169,192,199,212,206,223,238,237,243,223,211,201,205,229,219,221,214,219,227,238,242,232,201,190,197,188,188,194,184,194,216,216,215,192,179,177,165,174,176,184,176,163,186,192,201,194,179,181,175,190,196,188,170,169,181,193,186,187,184,172,167,175,162,146,134,139,151,158,158,133,134,129,123,126,121,117,114,115,126,132,128,123,118,111,110,114,116,108,97,96,98,96,97,88
55,Loughrea,161911,216317,Galway County,162,173,164,168,190,206,214,206,227,242,273,319,358,399,402,444,473,491,494,458,403,404,418,433,439,432,421,423,468,482,477,445,431,412,407,422,427,428,421,413,444,457,467,423,408,382,363,388,371,341,332,344,379,394,403,391,393,364,360,366,365,350,337,329,350,361,358,325,326,311,315,318,319,309,307,310,324,323,332,260,252,258,252,251,248,242,237,249,249,253,263,240,215,206,207,207,195,193,188,188,206,216,208,158
56,Tuam,143695,251255,Galway County,250,259,264,256,286,329,360,348,371,410,434,476,515,544,572,605,687,729,736,692,635,632,643,671,661,648,621,644,693,712,702,640,596,573,581,587,578,566,548,544,613,635,642,599,585,539,536,533,513,479,463,482,508,535,534,512,498,485,466,469,465,459,454,470,480,492,491,478,448,433,430,440,439,424,422,434,447,464,459,402,350,349,351,378,387,359,351,349,356,363,359,322,283,275,270,265,251,254,250,246,268,271,281,251
57,Caherciveen,46939,79023,Kerry,56,54,51,47,59,62,58,69,87,90,96,109,114,111,119,121,135,141,140,129,131,123,133,132,126,130,122,126,134,136,131,134,119,125,125,132,128,121,121,110,126,143,144,131,135,145,139,132,122,105,99,101,117,116,118,123,106,110,115,115,109,114,111,116,108,97,97,98,96,84,82,78,76,81,80,72,82,80,79,71,63,62,62,65,63,66,58,57,54,49,47,50,39,41,42,46,50,47,43,35,33,29,31,33
58,Dingle,44787,100910,Kerry,66,64,56,45,42,45,48,44,37,49,60,74,79,91,93,90,86,89,94,95,97,96,102,102,103,96,94,102,115,120,106,99,104,117,123,130,133,131,117,109,108,120,120,113,112,122,130,125,117,107,100,88,84,76,69,63,66,78,82,91,97,98,94,79,76,68,68,66,69,94,93,96,88,85,77,74,69,62,60,50,43,58,64,75,74,64,54,40,36,30,26,25,32,44,53,66,59,48,43,34,26,14,16,18
59,Kenmare,90876,70799,Kerry,51,39,35,29,35,43,44,44,60,80,85,115,123,117,113,86,83,75,83,78,89,103,101,116,113,111,94,93,90,83,82,77,83,106,107,114,106,100,96,85,84,82,72,60,74,82,83,85,88,83,76,65,68,55,55,55,83,96,104,99,97,93,82,70,63,55,45,44,54,69,68,82,87,76,66,56,53,43,38,38,43,49,52,62,62,56,48,33,31,28,25,23,26,35,46,61,58,39,33,23,24,23,22,17
60,Killarney,96969,91009,Kerry,245,225,216,204,233,289,314,315,371,422,434,507,544,579,535,509,524,536,538,492,494,537,533,601,587,554,505,470,473,454,441,414,419,446,474,477,461,447,405,397,422,423,416,363,371,411,419,415,411,384,352,350,351,335,340,306,323,351,362,372,372,340,328,325,318,323,309,269,258,275,293,313,315,303,269,252,230,228,228,202,192,194,213,249,243,233,203,192,212,189,170,153,151,160,178,222,210,174,165,158,142,144,133,115
61,Killorglin,77310,96152,Kerry,68,75,63,52,70,87,99,101,122,137,155,169,189,198,189,193,229,237,230,217,202,209,222,229,222,213,217,213,234,246,244,214,206,206,204,209,201,203,191,184,206,213,207,174,184,184,188,178,188,178,159,164,189,184,181,163,166,171,172,182,182,181,173,161,167,162,168,150,153,153,146,156,153,150,133,128,136,131,129,120,112,104,114,121,121,116,107,108,103,112,111,97,101,102,107,114,111,105,98,85,86,92,90,70
62,Listowel,100085,133146,Kerry,287,285,288,299,343,373,358,364,393,422,451,449,526,549,557,562,621,662,674,638,609,579,587,596,609,599,589,626,658,677,672,601,570,537,553,590,598,567,557,580,614,625,629,556,548,524,511,529,519,500,479,502,566,575,568,505,494,482,493,496,477,475,465,480,516,530,511,444,423,421,425,433,439,428,427,439,440,452,445,382,333,325,318,312,323,323,307,321,344,344,341,312,265,265,275,267,274,260,238,247,254,278,278,243
63,Tralee,83939,113893,Kerry,689,686,707,717,823,894,953,913,847,898,955,1110,1167,1234,1215,1253,1403,1431,1413,1318,1236,1246,1202,1240,1232,1229,1193,1232,1296,1330,1291,1149,1077,1087,1120,1150,1160,1157,1155,1191,1309,1339,1345,1174,1124,1102,1103,1095,1092,1065,992,1020,1103,1151,1153,1015,982,983,999,1010,994,921,891,909,984,1000,1015,903,834,832,849,845,851,820,782,799,854,828,822,721,676,660,664,676,702,693,668,678,710,721,736,641,600,543,565,584,593,569,542,563,580,598,596,512
64,Athy,268800,192609,Kildare,243,273,281,300,310,328,328,350,331,347,372,401,417,420,417,452,462,505,503,477,487,484,490,493,480,484,476,483,493,509,514,479,466,455,468,465,476,470,478,480,502,534,520,486,454,444,446,442,434,436,422,456,506,505,489,483,449,435,426,429,425,425,423,467,483,484,481,478,443,426,422,431,422,409,406,413,446,461,465,440,413,422,416,416,417,402,402,441,462,484,487,451,388,370,366,360,363,352,358,374,367,359,360,312
65,Maynooth,292827,237899,Kildare,367,386,397,415,554,620,627,624,617,706,751,885,976,1056,1159,1215,1453,1531,1547,1506,1319,1150,1150,1159,1159,1150,1097,1152,1278,1295,1286,1227,1082,1023,1004,1045,1016,1022,992,1023,1164,1220,1174,1006,957,902,902,949,934,917,921,923,1062,1073,1081,988,931,859,859,910,926,882,893,910,946,990,995,922,861,797,779,801,780,747,744,751,783,779,796,746,659,620,604,631,605,578,570,575,599,623,605,562,519,471,465,474,457,448,410,410,476,455,454,424
66,Newbridge,280422,214733,Kildare,793,816,827,858,905,1021,1099,1088,1138,1223,1301,1482,1599,1684,1734,1769,1843,1865,1876,1780,1662,1668,1681,1715,1715,1794,1777,1844,1911,1930,1925,1843,1748,1662,1651,1673,1698,1754,1691,1683,1802,1852,1831,1699,1614,1557,1515,1535,1563,1551,1543,1623,1672,1700,1661,1497,1418,1413,1405,1456,1504,1516,1461,1514,1634,1613,1561,1503,1449,1354,1350,1350,1340,1326,1292,1340,1352,1368,1355,1220,1173,1127,1095,1134,1109,1098,1099,1139,1191,1167,1155,1076,972,896,844,862,888,903,915,896,891,870,860,742
67,Kilkenny,251203,155536,Kilkenny,552,584,574,640,659,728,768,767,793,810,885,946,991,1048,1041,1122,1208,1258,1247,1180,1155,1148,1163,1193,1192,1172,1173,1216,1328,1348,1350,1210,1148,1098,1115,1112,1083,1070,1037,1054,1153,1195,1159,1063,1047,1012,1005,1031,997,966,952,1004,1088,1081,1091,999,925,881,884,905,894,841,821,828,882,909,894,817,773,738,741,756,776,759,719,755,764,792,775,655,620,609,597,597,615,590,578,635,663,685,689,578,518,519,516,509,504,471,459,498,502,493,485,394
68,Thomastown,258807,141508,Kilkenny,96,111,108,115,128,136,149,161,148,167,186,200,219,224,236,246,275,285,285,278,277,268,268,256,251,252,253,264,293,296,304,265,231,218,226,226,222,232,214,229,255,269,267,231,216,208,198,196,204,196,199,198,221,238,241,223,206,199,200,204,203,202,195,199,226,239,221,202,189,179,174,193,198,191,184,193,198,204,200,176,168,165,154,145,140,136,125,136,155,160,155,134,125,122,115,114,114,116,107,113,113,108,105,84
69,Portarlington,254554,212399,Laoighis,325,358,377,394,438,475,503,465,475,497,535,600,624,659,692,721,747,773,744,722,688,659,682,727,701,689,685,707,761,778,774,750,729,719,721,712,702,693,668,674,699,716,697,676,670,659,650,659,657,637,626,628,658,663,650,619,615,578,567,598,600,586,602,621,671,674,670,621,596,567,571,584,574,551,537,558,588,592,579,529,501,480,464,468,447,441,415,423,463,484,483,443,409,394,396,391,375,374,362,362,389,397,393,328
70,Portlaoise,247114,198325,Laoighis,337,353,352,371,424,458,484,471,487,516,555,647,694,706,703,729,756,779,792,754,721,744,734,763,756,778,773,790,852,866,885,850,821,802,816,826,819,813,785,779,831,869,850,782,735,713,696,724,745,757,758,760,828,830,837,783,760,761,749,749,746,714,716,766,830,847,829,787,742,724,715,740,719,694,704,705,730,721,712,636,588,555,537,555,549,526,525,558,584,578,557,517,484,487,462,489,495,469,453,464,496,496,493,448
71,Rathdowney,228020,178313,Laoighis,124,123,128,131,141,156,160,155,152,167,182,204,228,240,252,258,271,268,269,268,262,255,247,249,240,238,233,244,268,293,294,272,243,237,240,241,245,236,221,229,240,249,254,217,215,206,204,204,199,198,201,210,241,253,245,211,203,196,196,197,182,181,173,209,224,231,225,180,172,160,161,162,154,154,147,163,177,179,183,158,153,147,150,154,154,152,146,157,165,174,170,150,131,125,126,123,123,118,118,124,139,136,131,114
72,Carrick-On-Shannon,194046,299434,Leitrim,195,218,210,219,245,283,299,286,275,290,330,378,415,453,459,469,556,589,580,527,486,464,481,463,442,447,434,442,516,549,550,495,453,455,460,468,446,434,429,461,513,532,538,481,449,423,419,417,402,396,374,393,456,487,492,440,391,390,390,377,382,336,325,363,400,439,423,369,343,331,324,320,320,305,305,312,352,374,369,332,303,298,300,307,289,289,294,267,290,304,306,281,253,245,241,242,240,228,212,208,223,232,232,198
73,Manorhamilton,188936,339615,Leitrim,68,70,76,84,96,104,105,102,98,101,115,133,136,135,138,157,173,199,213,181,173,163,172,172,163,156,155,166,179,195,184,159,140,140,144,143,136,140,135,138,158,160,168,133,126,132,136,132,131,120,114,130,157,155,157,140,129,116,126,125,118,118,106,113,130,135,132,124,109,107,107,105,99,93,90,108,114,119,118,101,85,73,84,88,91,94,80,76,82,82,91,84,79,72,72,67,60,63,56,52,64,67,68,60
74,Kilmallock,161159,127484,Limerick County,205,212,218,244,302,298,307,315,330,368,399,468,486,525,533,567,617,652,654,582,548,553,591,592,582,583,584,607,633,615,643,592,554,530,537,533,522,522,506,542,563,576,577,521,486,468,463,475,466,466,458,475,504,509,501,428,394,376,380,389,372,371,368,393,428,429,423,400,355,324,320,337,330,326,320,333,335,322,310,260,226,235,221,218,214,194,195,209,227,223,224,209,208,192,192,191,182,180,167,193,196,193,216,170
75,Limerick City,157952,156654,Limercik City,1498,1590,1553,1670,1856,1940,2114,2059,2037,2179,2336,2579,2808,2900,2895,3091,3370,3441,3484,3284,3077,3045,2997,3051,3048,2981,2950,3060,3196,3255,3399,3237,2998,2835,2801,2853,2835,2753,2728,2826,2975,3024,3080,2913,2728,2575,2486,2501,2490,2402,2333,2344,2520,2634,2664,2566,2410,2200,2196,2225,2211,2135,2112,2109,2176,2283,2333,2257,2117,1951,1942,1972,1990,1951,1920,1933,2030,2135,2127,1965,1797,1616,1597,1580,1542,1510,1465,1489,1579,1677,1638,1520,1377,1305,1236,1268,1274,1263,1215,1255,1334,1416,1423,1253
76,Newcastle West,128432,133257,Limerick County,297,309,307,324,350,372,407,389,391,422,481,576,608,644,630,665,732,734,765,715,724,715,741,741,721,708,672,690,733,766,763,687,638,611,632,630,625,600,576,592,616,630,642,591,567,545,565,575,550,516,506,516,565,576,582,515,488,479,499,507,517,499,483,468,501,509,504,438,442,417,414,407,411,384,367,344,375,380,385,317,287,309,303,292,286,290,282,285,296,301,290,261,258,254,249,248,239,239,216,223,244,256,263,211
77,Longford,214631,276141,Longford,595,601,618,627,681,742,767,753,762,796,814,901,968,1010,1047,1111,1215,1260,1253,1164,1078,1037,1025,1011,1014,1024,978,1005,1090,1120,1113,1067,975,935,945,976,956,934,922,947,1004,1064,1074,1009,966,936,904,908,903,902,860,875,988,1005,1013,942,911,866,857,860,846,833,818,832,884,909,923,824,794,746,741,774,774,766,746,738,808,805,812,719,642,609,591,615,611,591,590,591,647,646,664,580,519,481,457,467,471,468,442,438,527,548,549,508
78,Ardee,296140,290243,Louth,205,209,213,224,269,294,312,284,296,293,320,370,407,432,423,444,489,512,529,508,497,477,486,502,503,506,490,508,523,536,538,488,456,458,475,471,467,471,442,468,496,498,486,426,422,410,394,382,374,370,374,396,460,459,432,379,363,335,341,349,346,331,310,352,356,368,375,290,288,283,286,294,285,263,262,293,308,304,306,266,239,227,236,243,241,222,213,228,254,267,272,225,209,195,188,203,197,189,186,211,216,225,220,184
79,Drogheda,309332,274995,Louth,772,806,803,814,867,943,991,988,999,1046,1087,1274,1401,1430,1440,1486,1660,1749,1731,1634,1548,1512,1519,1587,1556,1538,1538,1564,1662,1701,1661,1585,1538,1444,1444,1452,1477,1464,1416,1465,1506,1546,1493,1400,1376,1334,1323,1368,1391,1306,1283,1277,1428,1469,1459,1390,1285,1230,1214,1267,1264,1197,1154,1142,1211,1191,1164,1078,1013,952,963,1004,997,982,939,978,1067,1085,1077,1048,997,915,909,940,913,866,835,874,940,955,955,883,783,747,753,787,790,758,726,743,755,780,745,653
80,Dundalk,305038,306506,Louth,666,673,681,686,761,830,898,920,940,1010,1068,1238,1332,1374,1396,1436,1576,1568,1546,1438,1391,1351,1384,1406,1388,1408,1354,1429,1547,1597,1588,1510,1390,1368,1396,1415,1417,1391,1394,1475,1635,1687,1646,1477,1437,1454,1436,1460,1441,1413,1374,1406,1590,1561,1573,1445,1349,1340,1318,1352,1343,1317,1261,1305,1368,1407,1372,1234,1179,1138,1162,1171,1174,1139,1109,1156,1245,1249,1225,1069,977,945,915,959,944,903,889,972,1010,1051,1010,900,810,780,787,794,776,768,719,786,883,857,809,662
81,Achill,70634,305099,Mayo,38,52,49,50,63,68,67,49,51,56,65,71,67,71,71,77,81,92,91,82,79,80,83,79,74,72,71,80,90,96,94,87,69,71,75,80,77,75,76,81,81,82,89,67,63,66,68,66,68,59,62,64,75,78,79,67,70,71,73,74,64,60,60,65,76,67,67,60,58,68,64,68,69,61,55,58,55,55,57,49,48,52,58,55,48,39,41,41,47,45,45,33,29,37,37,37,35,37,36,36,38,35,33,31
82,Ballina,124834,318760,Mayo,359,374,361,380,407,448,490,453,493,507,541,605,611,627,629,674,744,753,772,713,670,661,693,707,687,670,667,679,729,754,765,677,619,624,652,656,655,632,626,655,716,731,737,632,648,642,651,639,644,642,614,611,661,673,694,612,577,578,585,590,583,584,559,584,605,629,601,546,530,524,524,534,533,510,495,524,524,520,519,457,436,434,437,450,437,432,436,438,434,423,422,390,378,365,352,364,355,343,335,344,352,335,343,319
83,Ballinrobe,119677,264131,Mayo,76,79,78,78,89,87,93,90,97,114,129,147,171,179,180,182,208,230,230,207,186,189,185,192,191,187,183,173,193,188,182,169,162,168,174,183,172,147,157,168,177,178,187,152,161,159,166,176,165,155,138,134,148,151,150,136,136,134,132,135,132,119,111,107,127,123,120,104,101,103,108,111,115,111,107,101,116,122,128,105,92,95,96,95,97,89,74,79,92,89,88,71,60,56,63,62,56,61,53,52,54,53,49,38
84,Belmullet,70628,332181,Mayo,78,76,72,86,114,123,120,119,118,119,135,131,137,145,146,161,189,196,193,195,210,216,226,227,223,228,223,230,246,234,233,228,195,200,220,223,224,214,212,235,275,279,280,242,210,200,200,189,195,181,186,191,234,237,240,201,178,170,173,167,153,152,145,163,197,208,198,170,131,119,119,111,112,112,113,108,132,136,147,113,94,98,100,105,103,110,111,110,132,132,135,116,106,101,101,101,95,89,83,83,93,107,115,89
85,Castlebar,115047,289442,Mayo,173,180,195,224,257,290,289,266,256,280,295,363,403,420,422,455,553,577,570,495,474,460,466,492,475,480,466,495,576,596,569,523,471,455,456,468,478,458,446,445,495,534,544,477,450,428,399,399,398,384,366,399,472,476,483,423,409,375,372,391,396,399,378,383,423,407,417,408,374,335,335,349,349,350,340,346,338,341,351,302,281,263,264,272,240,233,224,230,255,265,266,230,217,213,207,212,224,211,193,193,209,219,212,195
86,Claremorris,134455,274678,Mayo,114,119,122,125,126,142,154,158,151,159,175,223,228,241,240,242,279,291,300,279,274,274,277,267,273,266,253,255,272,297,297,279,257,253,267,277,264,260,259,251,275,287,283,255,239,243,236,231,215,209,204,203,216,245,243,223,228,212,213,215,214,205,201,205,216,219,207,201,207,192,183,197,186,190,174,162,177,179,181,157,149,155,152,159,155,150,142,139,171,177,172,157,124,120,117,110,102,94,92,91,106,111,117,106
87,Swinford,138589,299431,Mayo,163,174,181,190,212,248,262,242,220,237,254,272,274,289,296,317,365,400,396,364,346,347,352,349,337,338,331,344,415,441,434,407,334,312,323,328,328,315,308,322,366,370,365,310,281,272,271,278,290,277,269,265,309,325,323,290,274,261,267,252,238,233,212,245,266,265,251,231,213,204,212,207,215,202,197,204,207,224,231,208,184,182,176,174,177,175,168,180,190,195,201,174,146,136,127,125,119,118,122,113,133,145,150,113
88,Westport,99828,283787,Mayo,109,105,99,102,141,167,177,158,179,211,235,287,310,328,325,321,366,360,343,309,311,321,345,351,334,335,311,323,354,376,357,316,298,290,306,327,321,305,279,299,331,330,315,281,295,296,291,299,302,275,265,263,274,260,256,246,232,240,243,243,252,216,207,214,218,225,220,201,192,195,199,192,178,184,172,167,176,175,161,122,127,153,150,164,157,142,124,123,125,125,124,118,107,114,117,111,119,105,94,88,88,92,94,85
89,Kells,274045,275708,Meath,158,158,169,172,173,193,217,210,218,238,259,293,316,326,318,350,379,398,393,372,350,350,345,363,356,361,355,360,394,420,418,395,355,340,336,347,354,348,330,331,356,359,360,333,327,329,321,333,330,310,308,321,348,359,348,335,320,315,313,321,313,300,299,291,324,313,313,277,279,262,261,264,264,275,257,260,275,282,263,233,221,221,211,210,193,192,191,178,204,202,201,170,152,150,156,154,148,143,148,151,165,171,169,130
90,Navan,287025,267511,Meath,420,449,450,463,512,546,599,590,591,647,705,825,918,977,988,1044,1109,1180,1185,1130,1074,1040,1044,1076,1067,1062,1047,1083,1129,1152,1165,1131,1055,1013,1026,1016,1025,1013,999,1019,1056,1056,1079,1037,1005,952,927,908,909,906,892,907,907,932,914,865,809,776,779,792,803,799,766,791,829,850,848,773,723,676,669,689,706,702,698,716,765,763,764,699,654,637,609,616,602,623,621,623,633,638,627,581,518,499,494,502,521,531,525,541,528,514,520,464
91,Trim,280174,256459,Meath,228,240,230,256,268,297,333,322,328,357,389,480,509,548,560,598,651,680,663,621,629,626,641,683,696,697,674,660,728,730,720,692,661,660,688,673,672,667,655,664,697,723,700,662,628,604,596,619,609,599,562,575,594,596,580,550,517,507,506,494,484,474,471,506,519,537,545,486,443,420,419,427,415,403,400,415,443,456,453,409,395,372,367,367,367,351,338,350,349,355,365,329,287,288,289,287,287,266,261,282,278,267,262,249
92,Carrickmacross,284148,303608,Monaghan,118,123,134,150,185,198,207,205,197,214,220,248,260,277,267,287,339,362,360,319,296,300,321,310,300,303,296,286,294,313,322,299,258,245,250,248,250,242,236,250,267,276,279,233,205,191,194,204,211,212,212,208,251,248,236,224,184,169,176,192,194,184,174,186,218,227,230,202,175,163,171,192,193,194,188,188,211,209,194,182,170,170,182,176,167,147,138,126,135,145,144,130,111,103,104,116,123,108,112,108,118,112,111,100
93,Castleblayney,282872,319518,Monaghan,134,133,152,152,179,210,222,226,226,245,249,295,317,329,342,367,392,412,420,360,330,317,333,335,343,354,365,361,374,417,405,348,307,296,308,315,303,289,291,304,349,362,363,312,302,301,283,294,300,298,298,296,340,363,356,320,294,262,277,272,273,266,264,265,294,303,303,270,244,236,236,243,239,225,226,207,247,264,269,223,207,195,195,189,192,173,166,148,173,186,194,169,127,119,124,123,127,124,125,129,148,143,144,115
94,Clones,250114,326007,Monaghan,70,82,85,82,103,119,111,94,92,102,102,136,146,156,164,166,191,211,209,187,177,175,180,178,169,160,158,157,179,187,187,173,158,155,158,150,139,140,139,144,159,172,182,162,155,139,144,138,133,125,116,124,156,157,153,133,129,121,118,119,117,122,113,121,127,134,129,121,106,98,95,93,86,87,81,79,91,99,105,94,83,73,71,73,No Data,No Data,No Data,No Data,No Data,No Data,No Data,No Data,No Data,No Data,No Data,No Data,No Data,No Data,No Data,No Data,No Data,No Data,No Data,No Data
95,Monaghan,267401,333446,Monaghan,168,168,175,196,225,260,272,239,243,254,274,315,344,358,380,407,477,491,499,438,399,400,416,420,428,421,409,414,492,517,512,457,400,377,392,395,396,384,377,394,461,491,485,426,400,384,376,383,376,356,348,366,416,441,446,409,367,319,314,317,308,295,299,327,354,382,371,331,293,272,272,265,252,248,238,218,279,283,281,266,231,209,204,217,274,261,250,251,290,307,305,271,248,225,220,220,210,203,198,196,230,222,229,196
96,Nenagh,187048,178961,Tipperary North Riding,181,188,181,198,229,246,280,258,270,305,342,394,425,443,447,456,512,532,526,469,458,462,487,506,506,514,487,550,601,601,600,530,519,516,546,567,548,569,537,573,585,585,601,517,494,479,483,499,487,457,449,501,527,543,530,460,433,427,434,459,448,434,430,448,471,483,477,434,418,401,402,424,416,399,404,435,433,451,464,396,352,352,350,368,346,337,337,372,381,382,364,314,286,277,286,290,280,283,273,277,306,307,296,227
97,Roscrea,213608,189238,Tipperary North Riding,106,120,111,114,140,160,166,163,159,165,188,212,227,242,253,273,295,295,290,273,247,246,264,276,272,271,269,296,315,307,292,273,249,249,263,271,279,277,274,284,306,300,288,261,252,247,251,260,262,259,253,261,272,280,282,268,248,230,231,227,226,227,216,244,268,268,263,235,225,219,219,215,211,207,204,225,237,240,230,198,185,188,187,184,187,187,183,198,200,212,201,165,161,153,150,163,155,157,151,155,170,168,169,141
98,Thurles,212859,158482,Tipperary North Riding,256,264,264,272,325,366,393,365,363,365,412,446,472,522,514,595,640,695,697,653,620,600,601,617,625,629,616,626,683,737,750,678,616,588,622,617,625,629,590,614,698,750,740,655,620,605,610,621,618,591,576,561,626,646,633,566,535,518,525,549,527,527,509,520,571,594,590,491,477,442,441,466,480,450,425,458,480,513,506,452,417,395,399,412,411,396,360,376,411,434,444,377,364,359,368,368,353,345,349,359,400,405,400,356
99,Birr,206527,204711,Offaly,246,255,264,254,299,335,331,319,330,355,385,427,452,477,466,488,512,552,550,470,462,453,493,491,494,477,470,521,567,570,557,519,510,506,511,520,516,520,513,532,571,586,565,503,464,476,480,461,450,432,427,433,506,513,507,501,481,463,468,482,480,463,445,463,470,466,454,414,407,397,397,393,400,390,376,386,431,420,438,381,362,363,367,374,367,353,340,351,354,359,355,325,295,290,301,311,293,282,275,282,305,313,305,266
100,Edenderry,262743,232299,Offaly,187,196,189,182,202,226,240,243,247,271,325,375,403,422,434,453,481,488,483,462,448,453,458,464,471,488,458,480,524,536,545,518,508,490,503,497,493,494,466,467,500,524,510,483,478,468,465,468,459,442,424,426,472,489,494,473,439,429,438,451,457,455,444,449,458,454,464,430,422,411,411,421,413,392,389,398,408,408,383,365,339,337,334,334,336,337,324,339,350,342,338,313,295,279,283,287,299,293,283,285,277,277,269,239
101,Tullamore,233709,224607,Offaly,440,449,457,490,544,562,589,568,564,590,621,673,736,822,839,875,935,976,966,910,855,831,814,823,804,810,807,857,893,935,932,891,865,856,880,874,868,851,827,839,921,943,937,879,836,823,813,840,849,832,806,834,900,914,892,867,806,758,749,770,775,737,703,754,813,808,805,739,717,705,693,724,703,698,669,719,724,746,752,704,676,617,597,614,630,584,574,581,674,647,606,558,554,533,510,509,493,486,479,506,505,519,496,434
102,Boyle,180623,302304,Roscommon,89,85,86,85,110,124,138,129,129,131,148,173,191,194,195,204,222,227,226,210,202,201,186,188,188,192,199,193,210,215,210,200,187,171,178,178,181,190,197,200,208,217,209,188,178,175,160,168,158,149,139,149,167,169,180,147,144,153,149,147,137,132,131,130,151,158,164,132,131,130,126,132,132,128,130,130,137,143,139,125,119,113,107,102,100,97,98,91,103,123,119,110,107,102,97,94,89,82,86,89,102,104,107,99
103,Castlerea,167896,279527,Roscommon,166,184,180,176,204,217,222,208,229,256,270,315,327,342,331,358,410,433,444,408,395,382,398,398,391,386,365,379,396,418,433,406,363,349,355,344,350,360,338,363,408,412,403,350,333,310,316,329,303,299,282,294,351,367,358,279,262,265,268,273,268,259,245,259,294,306,312,253,247,230,238,225,230,243,229,242,272,290,284,242,223,201,202,191,198,189,182,181,199,214,216,187,182,178,186,194,180,176,166,157,172,194,189,168
104,Roscommon,187686,263914,Roscommon,94,105,106,101,117,130,134,146,143,161,177,215,241,246,242,236,250,260,264,247,232,232,231,224,240,230,231,238,247,257,263,252,231,219,216,224,220,220,217,226,253,259,265,228,227,214,217,226,218,220,217,242,271,258,241,223,201,192,197,208,206,202,199,223,245,244,242,220,206,188,189,207,206,194,182,190,197,193,186,150,139,129,129,131,128,115,121,137,152,152,160,133,136,129,121,123,122,117,112,115,123,120,116,113
105,Sligo,169267,335690,Sligo,452,464,472,498,559,594,630,590,598,631,664,782,887,943,933,991,1069,1120,1130,1062,964,946,926,971,941,933,928,1033,1092,1104,1089,972,891,890,902,938,935,935,882,905,987,1010,987,891,819,789,783,788,787,742,737,796,864,898,904,730,723,698,694,745,738,688,671,730,809,847,846,744,704,675,667,662,639,624,602,627,713,711,688,624,588,557,517,567,544,555,536,542,575,597,617,526,466,443,443,488,488,465,441,466,486,490,490,415
106,Tubbercurry,151834,311316,Sligo,75,81,82,79,114,122,124,122,120,128,137,155,169,176,175,189,215,231,242,213,194,184,197,203,190,186,175,204,228,229,229,207,179,176,175,177,173,164,161,171,185,191,191,152,139,140,126,128,121,119,118,131,146,151,155,136,125,137,135,136,130,124,119,149,157,156,170,139,141,132,130,121,119,116,114,124,127,133,122,95,95,94,90,93,98,98,96,106,108,108,107,91,82,76,83,81,78,72,70,73,74,74,79,62
107,Cahir,204952,124488,Tipperary South Riding,101,97,99,110,136,141,147,137,139,156,180,213,229,243,248,255,282,296,287,263,253,246,249,241,250,255,260,267,282,285,294,264,257,265,270,281,284,282,268,287,277,286,287,263,240,236,232,233,247,239,230,237,262,282,283,275,265,236,249,244,249,248,254,256,249,235,235,212,198,199,209,201,199,193,184,192,205,213,209,175,168,159,156,156,147,148,152,156,170,170,167,152,145,134,131,136,143,135,122,130,136,142,143,123
108,Carrick-On-Suir,240141,121476,Tipperary South Riding,216,227,220,226,275,290,303,299,301,314,338,354,380,396,387,398,441,465,466,453,448,428,429,415,411,428,394,407,451,465,474,460,439,428,426,417,418,429,406,398,420,423,440,417,384,371,381,381,378,366,343,358,388,392,373,352,324,301,306,308,315,307,296,297,313,316,301,286,258,260,257,256,274,264,253,257,270,275,276,248,240,224,223,231,224,226,231,232,242,232,226,197,192,179,180,180,171,164,163,171,180,187,175,152
109,Cashel,208013,140047,Tipperary South Riding,122,115,113,119,125,131,148,129,131,139,164,195,200,219,235,240,241,269,260,244,233,227,238,243,243,252,243,259,281,293,295,275,276,265,266,259,249,250,269,273,281,287,282,254,240,227,225,225,231,231,228,230,244,257,250,217,199,195,194,205,212,197,184,190,215,216,216,192,184,178,183,199,196,192,182,199,207,208,205,176,162,155,155,160,146,147,154,163,160,179,179,143,129,133,130,134,131,130,127,125,146,151,155,124
110,Clonmel,220955,121917,Waterford County,311,323,306,304,345,362,387,376,367,395,431,506,544,572,567,613,656,691,718,668,613,592,621,655,645,635,623,683,748,754,732,659,638,610,620,624,607,609,595,602,663,686,669,598,571,572,586,580,578,574,556,584,639,676,645,586,549,527,535,539,523,543,521,562,596,602,606,517,488,447,437,456,459,467,443,447,503,517,497,429,408,390,367,398,390,388,399,441,462,454,441,383,346,328,323,332,343,338,327,346,356,347,345,273
111,Tipperary,189264,135633,Tipperary South Riding,164,168,163,171,179,196,203,207,221,248,272,308,321,333,331,340,371,386,377,373,341,353,342,335,340,339,340,360,391,408,412,385,350,340,354,360,359,353,355,373,373,374,372,346,328,316,318,323,323,312,286,280,329,344,343,335,288,290,288,281,299,288,281,293,318,324,317,260,243,238,230,241,248,259,249,265,282,304,288,251,229,219,229,251,249,244,244,253,251,251,240,218,197,197,197,193,194,192,201,205,215,220,216,184
112,Dungarvan,226161,92781,Waterford County,175,191,198,209,250,273,285,263,276,301,325,371,385,404,396,435,452,482,484,457,427,423,429,419,411,419,410,447,487,517,527,482,457,444,457,456,447,439,444,444,468,495,499,424,411,406,408,405,415,408,387,393,451,450,445,400,358,361,368,365,362,366,358,348,356,363,367,318,316,320,329,322,315,318,309,331,352,359,346,303,268,242,250,263,237,234,229,230,252,266,261,217,211,195,191,196,185,185,166,192,203,207,193,165
113,Waterford City,260855,111407,Waterford City,1360,1397,1368,1470,1644,1751,1782,1740,1758,1765,1879,2063,2169,2248,2251,2424,2626,2702,2678,2591,2498,2346,2405,2422,2386,2367,2263,2333,2517,2548,2516,2364,2211,2100,2164,2201,2183,2150,2163,2282,2324,2368,2383,2117,2173,2119,2147,2178,2119,2062,1972,2001,2090,2136,2180,2023,1878,1861,1879,1891,1845,1770,1721,1700,1838,1847,1852,1743,1586,1545,1544,1627,1589,1542,1496,1535,1620,1629,1645,1492,1311,1273,1266,1279,1248,1199,1187,1248,1319,1360,1324,1195,1139,1071,1082,1062,1052,1023,1003,1034,1137,1151,1113,934
114,Athlone,203830,241368,Westmeath,406,423,417,443,514,556,581,536,563,618,644,758,813,844,853,880,943,995,984,915,835,825,836,875,843,800,784,824,887,926,934,821,795,769,770,772,767,747,732,751,860,859,849,750,742,731,732,753,718,692,678,686,800,799,807,710,667,620,628,651,635,614,579,650,697,711,699,644,646,644,643,633,623,621,588,612,646,646,633,587,530,481,483,487,473,459,449,481,506,503,513,464,461,423,420,454,438,416,425,431,431,421,421,372
115,Castlepollard,246409,270206,Westmeath,116,130,143,157,170,174,184,170,194,203,229,256,272,284,284,277,312,331,338,325,298,286,282,288,280,271,265,270,288,298,304,277,254,241,237,245,235,233,228,238,250,245,238,235,213,212,201,201,180,175,179,184,215,218,227,216,210,179,180,179,187,189,178,195,208,207,213,194,200,179,178,173,182,190,181,188,190,201,199,189,164,157,151,145,142,140,128,135,142,134,135,134,126,130,125,124,130,127,116,121,126,130,130,110
116,Mullingar,243901,251849,Westmeath,551,583,577,598,648,694,725,704,713,762,786,878,932,969,980,1049,1098,1125,1102,1054,991,966,983,999,993,995,1003,1029,1115,1158,1170,1082,1042,994,967,964,966,986,933,958,1047,1071,1081,973,934,915,923,907,892,851,842,870,939,980,987,902,879,849,847,863,858,855,853,901,954,970,962,894,840,800,799,806,808,792,764,788,831,862,856,783,721,651,646,678,677,678,679,671,697,734,744,654,640,612,601,618,610,601,572,581,598,624,612,563
117,Enniscorthy,297347,139657,Wexford,510,522,534,556,629,692,705,676,692,729,761,862,911,933,935,975,1094,1112,1105,1044,1009,1015,1005,1015,991,1019,990,1017,1082,1123,1127,1055,992,979,1015,997,1002,1024,1003,1006,1061,1083,1080,1012,957,939,938,934,918,907,888,916,976,978,955,871,829,829,826,836,839,822,809,844,912,917,895,824,764,751,738,754,741,726,717,741,766,781,760,696,642,638,641,675,673,658,643,652,682,679,666,625,573,551,530,534,535,515,497,512,557,553,533,471
118,Gorey,315909,159426,Wexford,319,342,336,347,394,435,441,424,457,479,507,591,631,669,668,714,768,753,749,737,690,712,712,748,755,731,713,731,786,820,821,786,759,726,740,773,774,774,753,758,803,825,823,778,758,742,724,739,726,698,701,706,746,769,750,654,637,608,600,613,601,578,588,592,629,625,629,611,594,561,579,590,595,577,564,569,584,600,600,551,530,532,511,532,527,488,477,459,472,514,512,473,429,428,437,446,443,419,397,395,413,413,400,351
119,New Ross,272156,127532,Wexford,343,353,344,372,405,420,453,429,446,476,516,552,606,625,631,686,751,749,778,754,685,675,681,688,670,676,644,674,717,740,742,720,677,680,699,706,689,669,647,655,729,716,711,641,600,595,603,610,600,580,555,580,628,636,625,558,539,527,522,519,524,513,509,546,566,562,560,497,462,458,448,454,453,440,441,463,501,494,478,431,415,411,414,403,384,358,343,382,393,385,376,331,311,301,295,308,308,297,298,324,345,348,334,303
120,Wexford,305004,121776,Wexford,728,727,700,745,798,817,839,861,916,1014,1075,1236,1280,1346,1320,1405,1504,1504,1476,1408,1366,1356,1402,1435,1441,1409,1394,1377,1430,1465,1467,1313,1295,1316,1391,1408,1392,1351,1363,1374,1492,1488,1464,1384,1341,1346,1338,1322,1325,1306,1241,1275,1346,1375,1353,1256,1202,1183,1210,1242,1246,1168,1112,1113,1150,1156,1141,1050,1002,972,947,1009,1004,962,930,966,986,1014,977,869,839,822,818,877,841,830,809,826,851,837,805,683,656,653,686,697,700,663,616,632,626,620,607,506
121,Arklow,324753,173298,Wicklow,331,341,338,360,380,413,438,432,459,491,498,571,604,633,621,666,677,707,697,647,638,619,627,634,639,657,640,660,701,724,726,664,643,639,641,658,644,636,624,648,681,702,689,620,609,603,599,611,616,604,584,595,644,651,647,552,545,507,510,517,530,512,499,532,580,594,579,517,520,522,515,521,526,503,477,533,580,566,555,486,473,445,432,431,413,399,391,425,478,471,460,399,385,365,370,363,374,370,357,382,386,386,360,279
122,Baltinglass,286960,188298,Wicklow,147,151,149,157,167,178,181,166,165,168,183,205,215,221,228,236,272,281,291,276,267,251,270,282,285,284,279,285,303,309,321,300,273,279,284,277,281,275,262,265,303,313,308,287,253,247,248,253,245,244,243,272,298,301,292,267,234,227,226,230,230,224,220,241,247,256,266,258,247,227,224,222,215,207,195,211,205,208,210,197,197,185,173,169,169,158,161,176,184,187,183,179,159,141,147,140,142,141,134,134,150,147,142,124
123,Bray,326159,218469,Wicklow,307,341,347,350,405,450,492,477,485,513,581,709,788,830,835,859,921,959,973,899,801,754,782,820,826,834,822,882,914,963,1014,943,856,822,859,845,864,860,829,895,975,1001,994,907,833,793,780,775,781,740,735,785,883,891,893,797,720,703,696,741,736,716,698,769,818,817,832,767,651,630,594,611,618,605,599,607,670,650,640,603,562,520,515,561,559,519,480,486,525,525,515,469,435,395,391,412,402,384,378,384,384,414,415,370
124,Wicklow,331381,193632,Wicklow,206,207,204,210,216,225,243,253,255,277,281,316,345,362,367,393,417,421,408,380,391,376,382,382,389,398,388,395,430,427,435,402,389,393,386,385,389,399,390,389,420,410,409,372,363,365,362,377,382,375,369,403,424,416,412,376,372,361,360,368,374,362,359,394,408,408,406,357,346,358,351,368,361,353,318,326,350,353,338,299,273,270,265,289,291,291,277,281,277,269,264,248,245,226,216,239,241,223,207,195,200,212,209,184
125,Cork Street,314624,233412,Dublin City,No Data,No Data,No Data,No Data,No Data,No Data,No Data,No Data,No Data,No Data,No Data,No Data,No Data,No Data,No Data,No Data,No Data,No Data,No Data,No Data,No Data,No Data,No Data,No Data,No Data,No Data,No Data,No Data,No Data,No Data,No Data,No Data,No Data,No Data,No Data,No Data,No Data,No Data,No Data,No Data,No Data,No Data,No Data,No Data,No Data,No Data,No Data,No Data,No Data,No Data,No Data,No Data,No Data,No Data,No Data,No Data,No Data,No Data,No Data,No Data,No Data,No Data,No Data,No Data,No Data,No Data,No Data,No Data,No Data,No Data,No Data,No Data,No Data,No Data,No Data,No Data,No Data,No Data,No Data,No Data,No Data,No Data,No Data,No Data,680,694,713,711,748,777,771,728,652,630,611,588,592,558,551,566,598,631,617,588
,,,,,,,,,,,,,,,,,,,,,,,,,,,,,,,,,,,,,,,,,,,,,,,,,,,,,,,,,,,,,,,,,,,,,,,,,,,,,,,,,,,,,,,,,,,,,,,,,,,,,,,,,,,,
