Codes,Names,IGX,IGY,County,A_PER08M2,A_PER08M3,A_PER08M4,A_PER08M5,A_PER08M6,A_PER08M7,A_PER08M8,A_PER08M9,A_PER08M10,A_PER08M11,A_PER08M12,A_PER09M1,A_PER09M2,A_PER09M3,A_PER09M4,A_PER09M5,A_PER09M6,A_PER09M7,A_PER09M8,A_PER09M9,A_PER09M10,A_PER09M11,A_PER09M12,A_PER10M1,A_PER10M2,A_PER10M3,A_PER10M4,A_PER10M5,A_PER10M6,A_PER10M7,A_PER10M8,A_PER10M9,A_PER10M10,A_PER10M11,A_PER10M12,A_PER11M1,A_PER11M2,A_PER11M3,A_PER11M4,A_PER11M5,A_PER11M6,A_PER11M7,A_PER11M8,A_PER11M9,A_PER11M10,A_PER11M11,A_PER11M12,A_PER12M1,A_PER12M2,A_PER12M3,A_PER12M4,A_PER12M5,A_PER12M6,A_PER12M7,A_PER12M8,A_PER12M9,A_PER12M10,A_PER12M11,A_PER12M12,A_PER13M1,A_PER13M2,A_PER13M3,A_PER13M4,A_PER13M5,A_PER13M6,A_PER13M7,A_PER13M8,A_PER13M9,A_PER13M10,A_PER13M11,A_PER13M12,A_PER14M1,A_PER14M2,A_PER14M3,A_PER14M4,A_PER14M5,A_PER14M6,A_PER14M7,A_PER14M8,A_PER14M9,A_PER14M10,A_PER14M11,A_PER14M12,A_PER15M01,A_PER15M02,A_PER15M03,A_PER15M04,A_PER15M05,A_PER15M06,A_PER15M07,A_PER15M08,A_PER15M09,A_PER15M10,A_PER15M11,A_PER15M12,A_PER16M01,A_PER16M02,A_PER16M03,A_PER16M04,A_PER16M05,A_PER16M06,A_PER16M07,A_PER16M08,A_PER16M09
1,Muine Bheag (Bagenalstown),270526,161542,Carlow,570,639,643,676,741,824,818,801,852,912,1002,1093,1194,1246,1296,1380,1473,1566,1578,1473,1452,1507,1544,1626,1640,1643,1620,1709,1761,1793,1754,1564,1572,1584,1620,1606,1588,1601,1583,1644,1709,1763,1755,1562,1539,1520,1547,1580,1595,1575,1545,1604,1721,1768,1697,1540,1541,1555,1651,1632,1640,1587,1536,1592,1678,1721,1659,1524,1491,1456,1431,1448,1416,1401,1399,1405,1444,1490,1429,1312,1309,1290,1307,1329,1293,1279,1244,1277,1314,1366,1323,1210,1185,1165,1208,1207,1206,1221,1175,1195,1228,1230,1218,1053
2,Carlow,272548,176440,Carlow,1579,1678,1657,1793,1908,2082,2155,2010,1994,2124,2330,2541,2856,2958,3052,3212,3404,3572,3611,3342,3264,3407,3538,3554,3606,3652,3605,3749,3947,4018,4043,3810,3573,3561,3673,3693,3703,3715,3735,3719,3923,4084,4083,3686,3682,3672,3690,3724,3760,3715,3728,3802,3960,4068,4125,3826,3756,3689,3776,3815,3876,3879,3814,3904,4047,4147,4021,3665,3647,3626,3639,3727,3632,3605,3528,3711,3798,3883,3866,3494,3363,3273,3300,3351,3324,3287,3207,3363,3536,3584,3548,3156,3033,2966,2974,3029,3043,2987,2907,2950,3042,3090,3072,2686
3,Tullow,286135,172321,Carlow,598,643,639,701,746,843,844,826,881,926,993,1129,1193,1229,1290,1410,1490,1501,1472,1406,1407,1439,1496,1543,1545,1504,1520,1559,1588,1568,1547,1456,1425,1406,1501,1470,1486,1480,1488,1472,1549,1600,1565,1450,1453,1449,1495,1533,1499,1495,1435,1459,1517,1548,1524,1404,1400,1445,1495,1523,1551,1570,1526,1576,1598,1577,1545,1458,1407,1371,1383,1403,1388,1367,1374,1359,1397,1386,1357,1275,1240,1210,1260,1268,1260,1233,1202,1226,1255,1284,1267,1160,1168,1136,1172,1140,1156,1160,1108,1124,1138,1125,1094,996
4,Ballyconnell,227295,318632,Cavan,500,517,525,566,636,702,751,727,801,845,914,1044,1125,1161,1256,1212,1274,1370,1394,1243,1226,1193,1208,1261,1265,1271,1243,1251,1296,1413,1412,1335,1333,1307,1327,1342,1343,1313,1394,1290,1372,1435,1427,1320,1288,1279,1306,1314,1308,1285,1260,1246,1376,1374,1353,1288,1252,1244,1254,1223,1229,1231,1203,1207,1273,1285,1253,1206,1180,1166,1178,1152,1164,1139,1132,1112,1174,1173,1137,1059,1045,1036,1058,1047,1031,1010,995,994,1049,1050,1029,934,949,919,949,941,931,949,922,892,967,971,951,858
5,Cavan,242371,305017,Cavan,2450,2645,2689,2777,3135,3362,3421,3414,3621,3854,4154,4752,5212,5379,5530,5574,5877,5972,6000,5924,5795,5866,5981,6091,6075,6065,5983,6109,6309,6575,6555,6175,5971,5962,6171,6120,6132,6033,6039,6077,6337,6437,6510,6078,5941,5898,5921,5976,6029,5917,5856,5888,6269,6427,6310,5942,5843,5762,5740,5826,5855,5847,5758,5861,6077,6245,6165,5738,5523,5459,5451,5550,5549,5414,5433,5364,5492,5628,5556,5095,4979,4846,4786,4841,4832,4753,4706,4698,4807,5026,5007,4636,4497,4454,4509,4508,4481,4367,4299,4303,4361,4446,4448,3982
6,Ennis,134024,177086,Clare,2946,3012,2861,2993,3293,3629,3761,3517,3703,3968,4258,4861,5136,5452,5622,5765,6064,6270,6344,6099,5576,5680,5846,6097,6165,6039,5976,5908,5973,6215,6183,5706,5658,5663,5816,6019,5998,5951,5871,5842,5995,6159,6179,5625,5612,5635,5736,5829,5869,5702,5637,5625,5856,5995,5870,5528,5424,5405,5498,5587,5611,5535,5390,5419,5573,5669,5535,5094,5013,4999,5111,5167,5085,4975,4851,4848,4934,4968,4820,4414,4398,4395,4461,4450,4428,4289,4223,4311,4467,4556,4477,4086,4042,4003,4156,4108,4017,3944,3725,3755,3831,3866,3851,3429
7,Ennistymon,113080,188391,Clare,807,772,748,756,806,878,902,906,1004,1132,1214,1346,1411,1414,1393,1366,1400,1438,1438,1418,1496,1607,1659,1724,1709,1649,1586,1528,1513,1552,1544,1489,1528,1637,1708,1771,1747,1697,1610,1535,1538,1525,1509,1420,1535,1591,1671,1687,1688,1599,1554,1477,1495,1492,1473,1429,1486,1568,1627,1630,1607,1548,1463,1424,1406,1404,1369,1318,1371,1471,1541,1605,1567,1488,1403,1331,1314,1310,1293,1215,1352,1458,1562,1584,1565,1466,1351,1216,1208,1213,1186,1115,1208,1285,1408,1411,1397,1276,1147,1097,1060,1055,1044,1006
8,Kilrush,99549,154773,Clare,709,722,657,651,728,787,829,799,858,934,1028,1171,1216,1231,1243,1215,1300,1351,1353,1278,1352,1372,1419,1455,1487,1445,1429,1428,1441,1493,1464,1392,1427,1447,1517,1505,1501,1458,1439,1415,1446,1456,1448,1374,1384,1409,1468,1435,1459,1405,1399,1363,1416,1449,1380,1332,1322,1357,1403,1413,1386,1361,1313,1295,1336,1347,1310,1279,1276,1309,1322,1328,1319,1295,1271,1198,1223,1255,1252,1159,1175,1201,1239,1229,1193,1150,1141,1080,1142,1120,1102,1044,1040,1084,1121,1115,1112,1079,1039,1001,1017,1019,996,926
9,Tulla,149087,179534,Clare,610,620,623,636,678,729,791,792,856,898,999,1104,1167,1264,1346,1329,1394,1438,1465,1384,1395,1406,1480,1542,1504,1500,1513,1426,1452,1536,1529,1452,1504,1504,1578,1588,1568,1517,1499,1494,1506,1568,1552,1470,1458,1434,1493,1494,1492,1461,1406,1364,1431,1501,1471,1385,1396,1402,1437,1453,1454,1425,1367,1380,1393,1429,1399,1292,1287,1290,1311,1318,1271,1265,1214,1208,1246,1263,1232,1134,1142,1145,1165,1152,1143,1130,1085,1105,1159,1188,1158,1064,1042,1023,1059,1066,1058,1039,964,987,1042,1041,1037,922
10,Bandon,149442,54751,Cork County,693,710,697,725,811,878,901,881,936,992,1041,1191,1266,1340,1387,1450,1490,1571,1573,1498,1517,1481,1543,1548,1554,1563,1554,1513,1573,1624,1591,1527,1521,1495,1516,1559,1573,1520,1504,1468,1544,1606,1569,1441,1397,1453,1506,1524,1545,1515,1506,1528,1581,1578,1511,1459,1438,1417,1458,1449,1466,1463,1428,1435,1507,1545,1476,1383,1346,1296,1337,1334,1354,1308,1322,1305,1355,1369,1311,1200,1183,1111,1160,1143,1124,1117,1097,1104,1145,1199,1147,1060,1034,1020,1024,1007,975,986,939,961,1041,1025,985,894
11,Bantry Comb,100273,48572,Cork County,571,599,615,559,578,675,708,659,690,782,872,1059,1146,1260,1309,1350,1431,1535,1540,1484,1510,1548,1596,1624,1638,1610,1583,1554,1547,1615,1588,1448,1483,1508,1591,1582,1582,1545,1536,1463,1479,1537,1516,1368,1105,1412,1492,1500,1488,1449,1418,1359,1412,1486,1473,1353,1339,1389,1439,1449,1462,1492,1440,1409,1406,1448,1428,1284,1308,1304,1317,1354,1359,1315,1315,1232,1271,1309,1297,1211,1214,1236,1255,1293,1280,1235,1174,1131,1143,1158,1164,1055,1037,1067,1120,1125,1110,1107,1023,992,1063,1063,1049,931
12,Carrigaline,173004,62133,Cork County,815,874,878,873,1008,1163,1176,1136,1198,1275,1415,1612,1764,1881,2017,2137,2231,2416,2441,2372,2394,2411,2485,2542,2545,2564,2540,2529,2631,2704,2694,2578,2503,2424,2480,2505,2481,2495,2497,2494,2570,2650,2645,2440,2428,2405,2486,2509,2466,2447,2398,2426,2541,2575,2513,2350,2338,2290,2319,2270,2228,2197,2162,2198,2240,2304,2254,2125,2100,2070,2133,2151,2148,2088,2120,2026,2057,2118,2072,1904,1888,1846,1843,1893,1852,1810,1797,1760,1825,1869,1813,1651,1598,1542,1583,1563,1538,1477,1412,1390,1455,1483,1450,1281
13,Clonakilty,138457,40662,Cork County,500,527,526,547,598,642,652,649,668,752,788,924,990,1033,1085,1107,1184,1222,1237,1264,1224,1240,1266,1321,1298,1298,1275,1298,1349,1402,1404,1358,1290,1303,1313,1376,1390,1329,1353,1331,1385,1410,1415,1325,1314,1335,1365,1369,1352,1324,1302,1302,1351,1389,1350,1275,1252,1256,1290,1293,1265,1221,1195,1198,1228,1221,1212,1181,1167,1176,1215,1233,1237,1194,1203,1146,1173,1186,1169,1108,1128,1082,1103,1123,1085,1021,1004,963,1006,1021,1012,951,944,932,941,940,931,945,884,893,934,919,910,818
14,Cobh,178419,66072,Cork County,461,479,462,456,524,539,570,536,598,608,682,763,800,851,898,989,1048,1089,1081,1005,1021,1010,1063,1105,1149,1136,1096,1180,1196,1227,1234,1100,1099,1140,1172,1155,1173,1157,1105,1171,1218,1220,1269,1108,1139,1131,1196,1189,1176,1184,1166,1205,1269,1276,1261,1115,1126,1116,1149,1160,1187,1172,1156,1192,1229,1263,1210,1085,1068,1076,1080,1100,1117,1090,1107,1166,1150,1124,1151,1049,1039,997,1027,1027,1019,999,985,1034,1032,1040,1029,940,913,891,922,929,916,894,864,875,890,909,887,796
15,Cork City,167902,71411,Cork City,8620,9037,8969,9368,10540,11338,11900,11575,11044,11446,12368,14045,15278,16175,16792,17524,18590,19656,19664,19425,18807,18708,19099,19624,19493,19429,19440,19816,20391,21215,21163,20306,19296,18861,19225,19530,19714,19782,19606,19552,20806,21312,21244,19735,19386,18990,18785,19179,19128,19183,19018,19300,20363,20595,20337,19316,18880,17964,17782,18182,18097,17727,17698,17851,18566,18785,18202,17144,16540,15976,16049,16266,16383,15995,16003,16192,16513,16620,16521,15355,14763,14316,14065,14324,14457,14345,14244,14258,14882,15201,14875,14004,13060,12525,12505,12780,12826,12536,12198,12327,12566,12540,12635,11601
16,Dunmanway,123160,52570,Cork County,No Data,No Data,No Data,No Data,No Data,No Data,No Data,No Data,No Data,No Data,No Data,No Data,No Data,No Data,No Data,No Data,No Data,No Data,No Data,No Data,No Data,No Data,No Data,No Data,No Data,No Data,No Data,No Data,No Data,No Data,No Data,No Data,No Data,No Data,No Data,No Data,No Data,No Data,No Data,No Data,No Data,No Data,No Data,No Data,No Data,No Data,No Data,No Data,No Data,No Data,No Data,No Data,No Data,No Data,No Data,No Data,No Data,No Data,No Data,No Data,No Data,No Data,No Data,No Data,No Data,No Data,No Data,No Data,No Data,No Data,No Data,No Data,No Data,No Data,No Data,No Data,No Data,No Data,No Data,No Data,No Data,No Data,No Data,No Data,No Data,No Data,No Data,No Data,No Data,No Data,No Data,No Data,No Data,No Data,No Data,No Data,No Data,No Data,No Data,No Data,No Data,No Data,No Data,No Data
17,Fermoy,182225,98234,Cork County,1111,1179,1148,1179,1330,1470,1538,1490,1538,1563,1703,1888,2044,2153,2251,2340,2478,2597,2600,2571,2597,2607,2729,2742,2753,2753,2756,2819,2908,2972,2989,2886,2806,2707,2798,2817,2819,2771,2744,2699,2777,2889,2857,2720,2670,2672,2705,2709,2716,2642,2594,2595,2748,2821,2747,2621,2580,2540,2622,2588,2532,2554,2477,2550,2657,2685,2578,2501,2417,2336,2392,2316,2251,2189,2223,2203,2242,2289,2226,2098,2045,1986,2051,1983,1931,1892,1926,1872,1969,1982,1930,1778,1737,1675,1731,1710,1686,1700,1598,1585,1670,1713,1685,1515
18,Kinsale,164492,50364,Cork County,661,659,679,709,723,758,800,813,813,932,961,1037,1093,1140,1151,1194,1244,1268,1294,1295,1292,1295,1324,1374,1333,1318,1304,1283,1326,1362,1336,1287,1262,1307,1333,1369,1340,1323,1257,1279,1305,1289,1282,1221,1245,1438,1455,1439,1389,1337,1259,1256,1299,1320,1278,1250,1247,1300,1333,1330,1312,1277,1218,1252,1244,1229,1195,1172,1169,1234,1257,1224,1183,1144,1162,1145,1113,1134,1132,1059,1058,1085,1099,1092,1074,1025,945,954,946,975,971,901,902,903,921,919,916,911,847,843,838,829,823,765
19,Macroom,135153,72011,Cork County,633,664,638,678,737,816,852,856,935,966,1100,1284,1396,1473,1586,1630,1693,1771,1784,1725,1703,1680,1776,1832,1825,1816,1809,1818,1857,1972,1979,1864,1810,1752,1779,1793,1778,1722,1728,1706,1770,1882,1867,1758,1727,1700,1706,1696,1689,1664,1650,1639,1766,1798,1769,1657,1576,1555,1584,1611,1665,1635,1639,1633,1705,1759,1710,1583,1513,1440,1447,1482,1447,1424,1433,1436,1467,1459,1442,1292,1242,1223,1243,1259,1223,1187,1236,1217,1216,1259,1249,1137,1080,1053,1101,1088,1096,1065,1018,1021,1098,1109,1067,924
20,Mallow,155805,98305,Cork County,1044,1085,1046,1082,1206,1291,1319,1290,1272,1417,1732,1899,2071,2204,2203,2281,2459,2517,2549,2494,2485,2512,2593,2699,2691,2714,2724,2781,2836,2967,2985,2882,2818,2787,2833,2845,2800,2696,2700,2653,2713,2859,2840,2701,2684,2662,2691,2715,2770,2682,2679,2735,2851,2908,2846,2710,2697,2666,2742,2714,2698,2659,2590,2566,2700,2775,2708,2597,2488,2438,2496,2457,2413,2359,2361,2351,2411,2474,2426,2229,2172,2089,2128,2140,2084,2032,2018,2012,2067,2175,2118,1940,1874,1838,1894,1853,1844,1877,1765,1748,1842,1864,1876,1609
21,Midleton,188466,72924,Cork County,1277,1323,1340,1357,1492,1602,1611,1588,1624,1860,2021,2306,2437,2569,2785,2883,3097,3191,3158,3002,3102,3196,3278,3366,3384,3400,3298,3311,3338,3456,3436,3299,3326,3303,3372,3430,3515,3459,3380,3336,3367,3464,3394,3225,3230,3251,3300,3268,3278,3268,3212,3168,3290,3293,3283,3134,3098,3069,3131,3156,3164,3160,3080,3098,3179,3223,3138,2982,2896,2877,2945,2972,2947,2871,2856,2797,2806,2852,2760,2603,2638,2600,2596,2651,2631,2524,2462,2450,2505,2585,2532,2362,2321,2293,2304,2303,2291,2271,2178,2150,2197,2232,2197,1983
22,Newmarket,131789,107313,Cork County,650,660,644,693,753,836,855,813,924,978,1070,1380,1495,1843,1608,1650,1732,1872,1909,1768,1814,1785,1870,2014,1996,1980,1943,1922,2018,2077,2055,1950,1892,1885,1981,2005,1943,1916,1870,1863,1841,1868,1866,1759,1755,1763,1809,2057,1793,1766,1732,1719,1773,1765,1725,1668,1701,1701,1753,2054,1821,1785,1712,1636,1713,1733,1619,1497,1461,1424,1412,1454,1386,1327,1328,1299,1322,1322,1289,1164,1126,1123,1168,1395,1270,1167,1163,1190,1199,1215,1176,1105,1053,1060,1394,1316,1192,1048,976,994,1079,1115,1099,957
23,Skibbereen,112493,33448,Cork County,444,459,425,428,488,537,544,491,528,591,667,783,851,907,945,993,1078,1124,1163,1132,1163,1206,1241,1306,1300,1294,1229,1214,1265,1314,1321,1249,1247,1247,1353,1375,1357,1343,1371,1330,1386,1414,1418,1274,1273,1285,1306,1268,1296,1258,1262,1268,1339,1371,1339,1254,1252,1267,1287,1315,1317,1308,1290,1267,1323,1390,1362,1273,1274,1264,1237,1261,1249,1203,1173,1176,1205,1244,1261,1152,1128,1140,1139,1139,1108,1075,1062,1008,1043,1102,1098,1038,959,981,1001,985,993,989,943,905,918,925,933,838
24,Youghal,210427,77491,Cork County,898,922,884,898,974,1036,1038,976,1078,1120,1207,1364,1458,1479,1513,1547,1644,1727,1711,1647,1673,1729,1774,1796,1829,1827,1808,1817,1879,1911,1896,1804,1833,1843,1905,1938,1952,1915,1907,1900,1925,1957,1926,1814,1808,1801,1849,1854,1855,1830,1814,1824,1862,1893,1867,1750,1739,1738,1798,1782,1805,1810,1775,1777,1850,1843,1816,1705,1702,1692,1732,1698,1709,1670,1677,1662,1720,1732,1681,1549,1527,1510,1530,1503,1503,1464,1426,1452,1511,1529,1538,1410,1407,1398,1403,1388,1346,1341,1271,1295,1355,1377,1347,1253
25,Ballybofey,214016,394611,Donegal,1042,1074,1081,1185,1298,1430,1495,1471,1576,1688,1836,2101,2253,2348,2359,2424,2536,2650,2637,2502,2458,2438,2507,2662,2606,2599,2583,2653,2762,2820,2812,2619,2580,2564,2662,2689,2663,2630,2639,2664,2808,2884,2924,2686,2641,2667,2683,2674,2689,2660,2622,2677,2829,2860,2844,2609,2580,2632,2663,2673,2655,2663,2598,2693,2833,2859,2830,2717,2560,2544,2550,2545,2534,2510,2535,2561,2642,2689,2658,2451,2386,2348,2343,2306,2297,2232,2167,2224,2374,2398,2399,2232,2187,2153,2167,2151,2129,2100,2065,2125,2194,2207,2180,1988
26,Ballyshannon,187721,361416,Donegal,662,704,690,666,713,723,720,744,821,936,1005,1152,1193,1230,1271,1318,1363,1381,1376,1346,1408,1436,1510,1532,1499,1495,1472,1515,1562,1563,1561,1507,1529,1544,1618,1597,1599,1573,1578,1529,1585,1634,1609,1515,1510,1540,1598,1581,1571,1549,1526,1521,1600,1607,1590,1512,1516,1540,1588,1592,1581,1572,1508,1522,1574,1577,1555,1460,1454,1450,1501,1489,1467,1425,1448,1441,1458,1449,1412,1336,1356,1357,1412,1388,1353,1337,1290,1307,1338,1317,1293,1251,1253,1283,1317,1292,1279,1290,1230,1216,1270,1230,1218,1177
27,Buncrana,235161,432041,Donegal,2110,2223,2215,2243,2503,2711,2766,2775,2961,3157,3394,3939,4206,4268,4430,4496,4638,4831,4821,4668,4604,4641,4880,5005,4937,4904,4898,4978,5149,5256,5178,4897,4876,4842,4931,4938,4965,4918,4852,4849,4908,5031,5044,4737,4638,4573,4673,4711,4615,4528,4478,4474,4559,4689,4669,4420,4330,4383,4418,4421,4383,4321,4212,4165,4289,4383,4325,4075,3969,3918,3880,3900,3914,3851,3821,3834,3934,3966,3957,3707,3603,3570,3548,3528,3493,3443,3410,3388,3405,3463,3406,3223,3053,2976,2960,2955,2960,2924,2812,2803,2840,2900,2946,2674
28,Donegal,193218,378702,Donegal,634,651,640,651,706,765,818,792,841,959,1024,1155,1220,1216,1255,1272,1311,1326,1357,1250,1282,1377,1397,1501,1455,1407,1374,1359,1365,1386,1400,1301,1294,1376,1435,1453,1450,1408,1408,1367,1407,1415,1373,1286,1295,1384,1423,1432,1418,1388,1334,1291,1330,1372,1376,1297,1302,1406,1449,1482,1466,1451,1404,1367,1358,1313,1317,1259,1262,1363,1366,1394,1362,1328,1272,1231,1234,1247,1212,1135,1127,1183,1210,1204,1194,1163,1123,1044,1052,1068,1048,970,974,981,994,992,984,947,903,890,903,922,901,808
29,Dunfanaghy,201826,437314,Donegal,815,838,824,828,873,935,970,945,1035,1129,1260,1304,1344,1375,1383,1401,1466,1514,1554,1444,1506,1552,1606,1620,1614,1572,1569,1573,1618,1639,1666,1593,1597,1630,1672,1650,1635,1626,1591,1593,1669,1705,1689,1573,1579,1630,1693,1660,1624,1612,1582,1604,1671,1694,1674,1571,1562,1606,1648,1628,1597,1558,1502,1537,1584,1591,1589,1474,1464,1522,1544,1508,1453,1423,1387,1392,1438,1444,1405,1280,1288,1282,1324,1322,1291,1247,1207,1198,1265,1269,1257,1170,1148,1154,1170,1171,1152,1130,1096,1100,1092,1086,1087,980
30,Dungloe,177121,411158,Donegal,1262,1314,1271,1325,1409,1486,1561,1493,1506,1529,1703,1740,1799,1817,1843,1943,2085,2163,2157,2063,2070,2072,2143,2256,2251,2214,2237,2250,2371,2442,2423,2230,2150,2152,2214,2207,2192,2159,2186,2217,2392,2425,2421,2242,2233,2214,2312,2247,2226,2181,2174,2211,2359,2343,2290,2119,2089,2086,2123,2144,2149,2113,2070,2120,2202,2204,2183,2023,2015,1993,2007,1999,1943,1928,1900,1913,1996,2065,2023,1889,1936,1928,1928,1931,1935,1883,1840,1875,1923,1973,1924,1803,1779,1769,1812,1823,1804,1755,1720,1732,1747,1718,1718,1574
31,Killybegs,171492,376664,Donegal,795,813,876,895,953,1009,998,921,913,955,996,1096,1122,1185,1207,1270,1317,1312,1338,1242,1160,1200,1205,1253,1234,1228,1261,1267,1325,1351,1322,1208,1176,1155,1213,1296,1328,1355,1350,1375,1448,1439,1371,1248,1214,1191,1247,1284,1145,1231,1277,1277,1339,1282,1263,1154,1127,1028,1043,960,1114,1172,1197,1248,1318,1300,1250,1140,1093,1074,1071,1138,1147,1124,1146,1153,1194,1190,1160,1032,972,954,965,1061,1043,1016,1010,992,980,998,972,850,834,832,860,941,916,907,920,911,910,895,872,780
32,Letterkenny,217154,411746,Donegal,2637,2735,2682,2784,3090,3416,3627,3409,3468,3719,4036,4269,4389,4539,4610,4920,5150,5674,5777,5498,5326,5345,5500,5644,5659,5655,5602,5796,6143,6375,6348,5978,5792,5791,5967,6005,6085,6042,6123,6106,6448,6690,6648,6321,6000,5930,5967,5978,5979,5902,5854,6018,6397,6615,6523,5986,5884,5895,5970,6005,6020,6014,5844,6019,6220,6492,6373,5916,5703,5692,5745,5749,5706,5596,5701,5702,5912,6056,5934,5521,5437,5384,5386,5454,5417,5322,5183,5287,5573,5711,5660,5268,4945,4908,4961,4899,4901,4905,4717,4770,4963,5007,4921,4500
33,Apollo House (Tara Street),316245,234149,Dublin City,1172,1218,1198,1227,1377,1529,1640,1615,1708,1765,1834,1996,2159,2312,2487,2550,2607,2673,2825,2823,2754,2751,2784,2794,2828,2795,2801,2895,2992,3130,3164,3013,2856,2839,2804,2841,2852,2831,2874,2882,3003,3023,3078,2803,2763,2760,2766,2759,2767,2737,2722,2685,2825,2912,2869,2629,2631,2576,2616,2599,2576,2558,2524,2592,2691,2740,2793,2595,2528,2511,2520,2488,2475,2430,2464,2491,2517,2530,2499,2320,2269,2236,2260,2268,No Data,No Data,No Data,No Data,No Data,No Data,No Data,No Data,No Data,No Data,No Data,No Data,No Data,No Data,No Data,No Data,No Data,No Data,No Data,No Data
34,Balbriggan,320282,263536,Fingal,1665,1735,1712,1769,1923,2090,2202,2169,2337,2544,2757,3183,3547,3879,4084,4171,4449,4694,4784,4703,4671,4835,4898,5065,5029,4953,4833,4867,4982,5149,5233,5108,4867,4868,4989,5158,5249,5180,5103,5033,5120,5274,5354,5131,5038,5039,5059,5099,5173,5114,5099,5082,5209,5379,5302,4963,4907,4821,4899,4919,4953,4879,4776,4694,4866,4947,4869,4704,4510,4454,4500,4527,4596,4536,4501,4437,4618,4677,4604,4305,4182,4143,4140,4188,4146,4032,3940,3936,4059,4161,4123,3822,3689,3706,3748,3764,3720,3638,3522,3532,3622,3632,3651,3355
35,Ballyfermot,309176,233731,Dublin City,1524,1562,1561,1579,1719,1804,1857,1826,1915,2067,2233,2485,2694,2803,2942,3069,3135,3196,3168,3070,3079,3133,3102,3251,3272,3281,3293,3364,3516,3610,3499,3352,3201,3178,3245,3347,3380,3433,3386,3449,3573,3702,3678,3459,3494,3419,3441,3497,3534,3489,3512,3619,3717,3767,3742,3486,3454,3342,3369,3467,3443,3421,3407,3446,3551,3573,3488,3290,3149,3078,3093,3138,3151,3135,3116,3161,3287,3280,3226,3050,2919,2861,2824,2853,2852,2790,2783,2836,2935,2990,2947,2808,2658,2580,2571,2617,2611,2608,2530,2567,2634,2655,2625,2430
36,Ballymun,315510,239684,Dublin City,1546,1570,1597,1659,1721,1791,1815,1813,1878,2017,2069,2218,2358,2600,2721,2729,2863,2831,2849,2801,2798,2798,2776,2856,2876,2903,2908,2979,3120,3166,3177,3084,2957,2888,2954,3003,2986,2975,2978,3025,3135,3139,3113,2991,2920,2920,2912,2960,2981,2948,2966,2953,3136,3109,3036,2894,2845,2773,2815,2787,2800,2769,2745,2744,2861,2907,2857,2700,2688,2701,2757,2765,2703,2687,2669,2717,2787,2797,2740,2573,2496,2474,2482,2444,2414,2376,2404,2491,2557,2565,2547,2410,2365,2358,2383,2344,2342,2289,2275,2300,2363,2402,2364,2208
37,Bishop Square,315421,234027,Dublin City,3586,3784,3767,3935,4367,4684,4873,4763,4952,5197,5606,6316,6878,7355,7296,7565,7965,8220,8837,8791,8532,8280,8415,8578,8500,8528,8475,8699,9359,9494,9538,8971,8640,8351,8534,8661,8689,8662,8763,8770,9387,9752,9769,9233,8671,8636,8614,8645,8665,8622,8620,8692,9464,9580,9422,9102,8889,8576,8532,8765,8758,8661,8566,8594,9012,9364,9072,8618,8197,7960,7981,7993,8051,7971,7835,7938,8451,8486,8367,7922,7504,7206,7200,7241,7275,7198,7100,7128,7512,7564,7442,7046,6641,6498,6495,6499,6454,6414,6331,6392,6580,6613,6545,6012
38,Blanchardstown,307512,238756,Fingal,3944,3985,4153,4224,4651,5064,5218,5196,5412,5693,6098,6680,7290,7616,8102,8177,8528,8760,8789,8623,8205,7992,8280,8353,8101,8198,8116,8105,8565,8895,9107,8991,8718,8542,8599,8772,8837,8875,8960,8861,9040,9124,9141,8814,8654,8565,8363,8512,8543,8518,8492,8571,8779,8949,8979,8310,8106,8040,8000,8220,8327,8299,8304,8472,8766,8924,8863,8389,8023,7869,7822,7939,7963,7973,7855,7877,8006,8196,8096,7602,7002,6895,6845,6982,6884,6782,6786,6907,7029,7170,7043,6618,6230,6126,6055,6148,6193,6136,6101,6633,6858,6999,6925,6218
39,Clondalkin,307085,231344,South Dublin,4237,4438,4442,4505,4863,5172,5467,5512,5693,6033,6512,7522,8289,8830,9236,9354,9811,10090,10075,9719,9398,9529,9657,9765,10064,10058,10048,10218,10511,10526,10575,10318,9902,9544,9604,9682,9771,9904,9884,10181,10426,10531,9686,9197,8881,8917,8925,8968,9073,9094,9006,9261,9431,9472,9394,9157,9033,8677,8654,8853,8837,8874,8766,8918,8987,8946,8937,8585,8345,8176,8183,8277,8255,8207,8242,8237,8370,8328,8096,7746,7348,7011,6988,7064,6958,6906,6832,6819,7038,7185,7169,6694,6293,6130,6063,6118,6121,6086,5852,5862,5922,5989,5963,5589
40,Coolock,319698,239108,Dublin City,2506,2588,2595,2640,2836,2956,3050,2922,3052,3216,3573,4013,4355,4501,4831,5041,5187,5312,5429,5304,5181,5103,5100,5292,5302,5333,5514,5501,5729,5645,5544,5274,4970,4820,4946,5055,5038,4984,4956,4978,5209,5303,5299,5044,4801,4766,4763,4875,4901,4930,4870,4801,5105,5144,5098,4760,4615,4525,4548,4611,4663,4629,4558,4603,4773,4867,4825,4644,4402,4263,4299,4403,4398,4324,4307,4385,4476,4528,4515,4246,4005,3938,3995,4008,3996,3934,3835,3903,4056,4084,4127,3896,3602,3549,3608,3611,3624,3589,3541,3627,3668,3726,3752,3383
41,Dun Laoghaire,324293,228393,Dun Laoghaire - Rathdown,2741,3000,2842,3016,3360,3742,3980,3786,3942,4146,4513,5150,5815,6238,6629,6799,7309,7799,7915,7824,7597,7337,7331,7686,7730,7593,7699,7691,7963,8414,8449,7858,7327,7215,7370,7492,7541,7661,7558,7644,7928,8313,8303,7373,7181,7135,7049,7313,7245,7070,7023,7187,7593,7825,7823,7597,6757,6740,6804,7012,6953,6816,6792,6698,6930,7142,7108,6617,6274,6040,6012,6241,6384,6295,6261,6133,6333,6640,6561,6076,5542,5363,5343,5286,5276,5326,5293,5216,5509,5769,5743,5276,4943,4905,4900,4922,4907,4776,4715,4641,4971,5048,5024,4559
42,Finglas,313068,239080,Dublin City,2736,2779,2862,2961,3168,3375,3484,3409,3532,3740,3981,4573,5036,5137,5412,5468,5743,5984,6110,5964,5792,5733,5805,5897,5979,5987,5973,6061,6257,6462,6482,6190,5881,5786,5869,5994,6085,6098,6111,6196,6440,6595,6556,6073,5821,5849,5900,6058,6145,6087,6086,6152,6830,6962,6893,6494,6276,6163,6178,6374,6416,6416,6425,6486,6668,6715,6713,6297,5958,5870,5945,6017,6054,6100,6118,6056,6250,6406,6345,5879,5644,5384,5559,5652,5601,5544,5472,5460,5655,5759,5725,5410,5093,5045,5106,5163,5134,5140,5002,5024,5187,5304,5283,4826
43,Kilbarrack,322220,239217,Dublin City,2266,2445,2341,2443,2733,2964,3053,2877,2984,3213,3514,3828,4130,4481,4784,4926,5253,5473,5522,5188,5123,5034,5164,5329,5279,5278,5270,5385,5545,5701,5695,5314,5217,5109,5249,5307,5397,5330,5268,5326,5557,5751,5685,5172,5104,5082,5176,5221,5255,5253,5207,5266,5515,5652,5576,5052,5075,5009,5117,5169,5172,5226,5121,5233,5422,5586,5402,5071,4937,4839,4868,4987,4992,4854,4789,4781,4948,5062,4863,4446,4385,4348,4378,4432,4352,4241,4166,4122,4360,4541,4509,4267,4017,3977,3933,3929,3891,3868,3768,3674,3712,3924,3841,3557
44,Kings Inn Street,315490,234750,Dublin City,No Data,No Data,No Data,No Data,No Data,No Data,No Data,No Data,No Data,No Data,No Data,No Data,No Data,No Data,No Data,No Data,No Data,No Data,7921,7589,7443,7458,7630,7852,7688,7790,7770,7658,7923,8400,8397,8359,7716,7554,7614,7674,7730,7773,7833,7788,8151,8358,8401,7859,7586,7509,7579,7616,7745,7683,7638,7639,8032,8088,8199,7675,7415,7371,7421,7554,7586,7563,7436,7670,7867,7846,7865,7351,7051,6929,6871,6907,6897,6849,6887,7156,7216,7170,7122,6619,6376,6249,6278,6368,6309,6229,6196,6441,6402,6306,6199,5665,5455,5396,5359,5323,5394,5296,5211,5346,5404,5285,5282,4874
45,Navan Road,312205,236470,Dublin City,2760,2927,2898,3023,3251,3465,3591,3503,3591,3796,3991,4561,5084,5392,5644,5911,6306,6521,6637,6495,6211,6211,6336,6522,6545,6513,6399,6498,6891,6903,6937,6722,6366,6178,6236,6326,6388,6345,6342,6442,6882,7160,7186,6744,6567,6519,6538,6505,6509,6489,6525,6603,6926,7015,6965,6417,6196,6184,6234,6344,6379,6264,6142,6316,6429,6558,6591,6266,6102,5939,5907,5962,5943,5954,5969,6085,6178,6270,6285,5790,5512,5361,5285,5337,5325,5244,5240,5260,5443,5516,5480,5059,4863,4835,4854,4809,4831,4834,4711,4241,4434,4432,4304,4017
46,Nth Cumberland Street,316033,235076,Dublin City,5433,5580,5587,5731,6106,6536,6737,6618,6540,6855,7665,8216,9110,10165,10925,11275,11756,12296,No Data,No Data,No Data,No Data,No Data,No Data,No Data,No Data,No Data,No Data,No Data,No Data,No Data,No Data,No Data,No Data,No Data,No Data,No Data,No Data,No Data,No Data,No Data,No Data,No Data,No Data,No Data,No Data,No Data,No Data,No Data,No Data,No Data,No Data,No Data,No Data,No Data,No Data,No Data,No Data,No Data,No Data,No Data,No Data,No Data,No Data,No Data,No Data,No Data,No Data,No Data,No Data,No Data,No Data,No Data,No Data,No Data,No Data,No Data,No Data,No Data,No Data,No Data,No Data,No Data,No Data,No Data,No Data,No Data,No Data,No Data,No Data,No Data,No Data,No Data,No Data,No Data,No Data,No Data,No Data,No Data,No Data,No Data,No Data,No Data,No Data
47,Nutgrove (Rathfarnham),315592,228068,Dun Laoghaire - Rathdown,2048,2196,2113,2217,2591,2843,2948,2773,2906,2986,3257,3600,3949,4167,4401,4639,5149,5427,5484,5199,4979,4915,5155,5088,5217,5189,5282,5295,5487,5763,5695,5136,5067,4909,4841,4832,4865,4928,4956,4998,5309,5588,5637,5081,4998,4973,4773,4827,4808,4831,4849,4913,5233,5414,5320,4925,4676,4640,4644,4732,4823,4833,4572,4813,4975,5229,5153,4641,4482,4298,4257,4272,4339,4253,4419,4344,4517,4718,4607,4179,4248,4009,4153,4016,3974,3894,3926,3980,4110,4209,4220,3726,3695,3473,3568,3484,3483,3516,3371,3459,3658,3759,3755,3243
48,Swords,318483,246443,Fingal,No Data,No Data,No Data,No Data,No Data,No Data,No Data,No Data,No Data,No Data,No Data,No Data,No Data,No Data,No Data,No Data,No Data,No Data,4507,4301,4284,4418,4605,4862,4725,4801,4760,4750,4879,4818,4689,4612,4494,4420,4495,4588,4654,4621,4661,4579,4778,4956,4900,4622,4592,4607,4709,4754,4804,4727,4691,4649,4774,4894,4821,4569,4484,4452,4563,4623,4691,4670,4482,4341,4512,4655,4653,4380,4206,4121,4153,4185,4130,3997,3985,3865,3935,4000,4001,3658,3482,3417,3409,3455,3442,3340,3284,3215,3298,3381,3273,3096,2973,2994,3071,3124,3120,3009,2893,2915,2960,3078,3058,2807
49,Tallaght,308083,227198,South Dublin,4291,4456,4450,4565,5027,5379,5402,5303,5518,5941,6495,7246,7960,8217,8770,9005,9528,10020,10079,9628,9729,9725,9962,10151,10264,10284,10306,10422,10662,11169,11150,10551,9943,9790,10178,10339,10565,10589,10568,10492,10768,11249,12180,11302,11116,11000,11206,11492,11792,11690,11634,11749,11858,12088,12152,11535,11313,11169,11375,11587,11585,11563,11475,11684,11929,12050,11850,11306,10879,10849,10861,10967,10979,10875,10807,10895,11031,11168,10974,10242,9737,9580,9608,9640,9589,9517,9435,9607,9801,9895,9791,9186,8779,8767,8717,8766,8804,8617,8578,8657,8846,8882,8766,8007
50,Thomas Street,314784,233867,Dublin City,2162,2242,2229,2365,2579,2715,2811,2688,2805,2873,3068,3413,3648,3845,3963,4153,4488,4560,4628,4312,4164,4118,4172,4236,4307,4297,4303,4430,4709,4910,4975,4665,4379,4343,4435,4502,4499,4469,4483,4541,4861,4974,5013,4524,4378,4405,4496,4537,4567,4558,4530,4614,4887,5001,4990,4628,4563,4555,4555,4625,4629,4556,4542,4722,4940,5006,4970,4720,4417,4318,4366,4408,4366,4357,4305,4382,4555,4679,4650,4325,4070,3970,3960,3998,No Data,No Data,No Data,No Data,No Data,No Data,No Data,No Data,No Data,No Data,No Data,No Data,No Data,No Data,No Data,No Data,No Data,No Data,No Data,No Data
51,Ballinasloe,186820,230444,Galway County,1109,1157,1115,1158,1244,1363,1449,1400,1497,1609,1787,1940,2093,2239,2294,2345,2442,2532,2579,2478,2416,2463,2561,2643,2639,2591,2547,2575,2659,2742,2759,2605,2593,2597,2725,2692,2680,2648,2599,2559,2648,2735,2737,2506,2491,2462,2526,2549,2522,2455,2440,2437,2539,2608,2617,2515,2478,2472,2545,2558,2546,2518,2431,2461,2506,2564,2505,2339,2312,2313,2357,2391,2381,2339,2284,2254,2309,2330,2343,2198,2154,2104,2145,2126,2122,2093,2027,2035,2019,2076,2057,1881,1847,1837,1882,1906,1885,1906,1774,1802,1836,1854,1843,1678
52,Clifden,66008,250181,Galway County,758,723,736,721,751,765,786,776,832,996,1048,1126,1119,1106,1066,1068,1067,1095,1120,1079,1120,1220,1256,1351,1318,1281,1193,1152,1187,1210,1192,1176,1185,1268,1273,1357,1345,1333,1249,1216,1240,1233,1255,1252,1243,1308,1341,1357,1355,1268,1241,1169,1182,1179,1194,1125,1146,1251,1291,1330,1322,1250,1176,1143,1152,1164,1103,1063,1056,1168,1200,1214,1215,1133,1085,1039,1034,1011,980,912,964,1051,1094,1116,1111,1056,957,894,898,911,913,813,823,917,966,996,980,883,832,800,806,806,795,772
53,Galway City,130193,225274,Galway City,6198,6346,6379,6822,7648,8188,8443,7909,7922,8416,8892,9943,10768,11164,11499,11865,12798,13482,13734,13447,12201,11777,11865,12157,12131,11912,11895,12311,12751,13334,13480,12511,11851,11652,11803,12026,12073,12012,11968,12269,12799,13264,13313,12049,11578,11681,11609,11734,11715,11620,11448,11569,12076,12447,12634,11623,11003,10777,11096,11233,11371,11259,11176,11395,11708,11955,11909,10776,10290,9952,9931,10076,10111,9981,9775,10083,10414,10553,10525,9388,8943,8947,8905,9002,8936,8823,8684,8847,9220,9490,9398,8329,7849,7923,8041,8147,8091,7950,7837,7979,8319,8415,8295,7580
54,Gort,145225,201807,Galway County,653,647,644,657,743,790,832,800,824,901,975,1110,1171,1237,1275,1286,1347,1386,1400,1352,1321,1350,1405,1507,1513,1513,1473,1484,1488,1535,1535,1462,1431,1434,1479,1493,1484,1458,1449,1455,1507,1525,1513,1426,1412,1420,1441,1459,1479,1429,1423,1398,1471,1518,1536,1442,1416,1426,1457,1475,1488,1469,1413,1417,1454,1503,1491,1431,1412,1398,1412,1425,1404,1333,1344,1310,1372,1406,1403,1266,1282,1226,1274,1260,1225,1180,1152,1140,1184,1197,1159,1113,1103,1099,1144,1153,1140,1099,1059,1050,1085,1091,1105,1002
55,Loughrea,161911,216317,Galway County,890,912,915,910,968,1073,1127,1091,1236,1360,1509,1762,2022,2154,2227,2270,2375,2473,2503,2415,2344,2328,2405,2525,2569,2541,2513,2527,2628,2709,2732,2567,2530,2437,2450,2536,2565,2531,2530,2527,2595,2634,2646,2435,2353,2314,2355,2429,2416,2347,2274,2254,2336,2420,2417,2323,2343,2379,2396,2445,2435,2431,2397,2357,2437,2450,2427,2262,2234,2182,2219,2229,2240,2200,2158,2136,2196,2222,2218,1971,1934,1896,1936,1918,1900,1857,1818,1841,1865,1920,1919,1722,1644,1594,1605,1604,1557,1537,1512,1545,1562,1626,1630,1368
56,Tuam,143695,251255,Galway County,1330,1404,1406,1416,1586,1755,1823,1740,1879,2097,2236,2521,2730,2867,2981,3096,3312,3451,3514,3318,3207,3184,3230,3400,3410,3403,3341,3462,3576,3691,3691,3414,3307,3303,3369,3466,3457,3446,3429,3423,3556,3647,3647,3413,3357,3261,3313,3385,3348,3228,3205,3234,3333,3413,3433,3262,3241,3254,3296,3276,3281,3277,3175,3256,3345,3368,3325,3184,3021,2988,3055,3055,3048,2964,3008,3043,3121,3185,3113,2860,2748,2732,2780,2730,2723,2681,2623,2590,2662,2752,2705,2453,2411,2344,2422,2371,2303,2334,2232,2256,2367,2388,2381,2126
57,Caherciveen,46939,79023,Kerry,411,405,396,367,376,386,392,398,527,561,579,635,668,660,659,632,650,650,657,637,671,694,721,720,736,737,694,665,665,658,660,652,692,722,750,771,766,738,692,667,715,742,756,707,744,772,777,760,743,721,677,634,647,660,649,666,666,727,754,765,739,734,698,661,637,614,592,573,592,614,609,618,632,617,574,521,518,534,516,468,482,537,563,576,548,523,496,453,441,456,440,408,420,471,522,520,512,473,404,381,366,353,357,332
58,Dingle,44787,100910,Kerry,456,444,401,371,349,364,397,369,441,522,603,684,714,722,734,664,627,625,651,614,671,760,810,854,864,831,794,769,750,750,715,660,739,847,892,942,951,909,861,805,753,767,760,720,812,901,968,1000,999,953,881,818,770,742,705,671,733,847,891,921,926,908,859,784,754,720,724,668,698,861,889,896,899,857,838,727,697,680,670,604,683,796,852,878,892,832,749,672,649,624,614,558,629,731,797,818,791,731,640,551,502,484,468,408
59,Kenmare,90876,70799,Kerry,322,305,280,228,225,245,258,271,385,471,532,659,729,711,680,588,547,553,550,540,610,670,703,787,780,755,691,672,630,587,580,545,611,688,730,775,786,765,682,619,606,590,579,547,643,692,738,754,759,723,657,598,575,552,541,524,614,719,767,793,796,754,666,562,498,483,441,404,487,584,653,700,710,639,575,481,451,427,398,370,454,536,570,644,634,560,497,394,388,368,339,291,339,434,505,577,552,441,367,300,287,279,286,256
60,Killarney,96969,91009,Kerry,1449,1327,1218,1092,1140,1306,1409,1420,1716,2073,2300,2645,2862,2972,2752,2676,2696,2692,2708,2633,2827,3111,3146,3510,3576,3342,3125,2905,2742,2637,2584,2435,2619,2923,3109,3334,3399,3307,3042,2879,2805,2741,2704,2532,2692,3048,3116,3322,3316,3100,2855,2734,2661,2542,2490,2343,2516,2941,3046,3295,3276,2974,2797,2556,2446,2409,2304,2119,2206,2513,2697,2875,2820,2653,2397,2183,2000,1975,1914,1751,1796,2070,2282,2514,2483,2313,2088,1902,1821,1772,1703,1529,1589,1846,2114,2316,2208,1960,1777,1588,1498,1523,1476,1303
61,Killorglin,77310,96152,Kerry,527,539,500,457,533,613,658,660,741,821,944,1030,1125,1156,1165,1175,1244,1272,1282,1211,1191,1251,1322,1389,1391,1370,1319,1303,1328,1379,1370,1298,1346,1379,1391,1403,1413,1368,1305,1259,1331,1356,1349,1242,1301,1361,1411,1410,1442,1379,1322,1301,1316,1335,1303,1229,1225,1279,1313,1364,1363,1333,1262,1214,1233,1227,1217,1128,1158,1213,1223,1239,1230,1185,1139,1075,1088,1097,1057,977,982,1009,1091,1114,1112,1067,996,967,977,992,974,876,899,924,983,1009,1002,950,875,832,856,860,845,729
62,Listowel,100085,133146,Kerry,1385,1406,1375,1382,1507,1640,1666,1667,1840,2126,2348,2267,2634,2911,2739,2743,2876,3049,3168,3018,2867,2850,2951,3066,3108,3073,3037,3068,3171,3260,3262,3076,3011,2993,3135,3236,3268,3173,3135,3138,3283,3328,3317,3124,3084,3069,3164,3214,3159,3063,3007,3035,3211,3248,3183,2990,2968,2944,3017,3127,3010,2951,2927,2936,3024,3055,2928,2692,2623,2676,2744,2802,2824,2755,2747,2741,2795,2849,2772,2570,2515,2499,2553,2529,2538,2475,2457,2483,2510,2513,2515,2331,2241,2244,2353,2299,2263,2208,2125,2097,2098,2154,2138,1939
63,Tralee,83939,113893,Kerry,3539,3649,3660,3746,4049,4240,4466,4300,4376,4498,4854,5383,5672,5979,6016,6082,6510,6716,6738,6428,6269,6334,6270,6592,6538,6566,6474,6573,6785,6941,6858,6333,6355,6377,6587,6684,6730,6666,6683,6756,7107,7204,7244,6657,6595,6634,6732,6798,6818,6704,6541,6523,6823,6962,6908,6380,6361,6414,6534,6560,6506,6360,6218,6171,6327,6423,6417,5897,5700,5843,5945,5996,6007,5923,5828,5848,6063,6054,6036,5504,5410,5427,5528,5572,5644,5534,5438,5425,5609,5701,5713,5220,5093,5043,5154,5186,5187,5008,4931,4961,5054,5083,4974,4521
64,Athy,268800,192609,Kildare,1187,1223,1234,1254,1317,1428,1453,1591,1574,1645,1748,1942,2055,2111,2191,2256,2304,2462,2468,2385,2430,2436,2589,2637,2656,2689,2680,2698,2749,2839,2843,2740,2711,2701,2796,2793,2830,2764,2785,2765,2864,2967,2903,2740,2629,2612,2677,2699,2673,2678,2664,2735,2861,2887,2835,2730,2690,2651,2701,2700,2690,2700,2664,2751,2787,2772,2741,2696,2591,2524,2570,2543,2526,2509,2537,2514,2614,2670,2644,2535,2463,2435,2477,2487,2465,2440,2445,2514,2590,2669,2657,2520,2453,2390,2415,2408,2395,2350,2314,2320,2371,2359,2351,2136
65,Maynooth,292827,237899,Kildare,2013,2117,2077,2147,2510,2783,2896,2763,2942,3246,3585,4184,4582,4776,5254,5517,5966,6283,6322,6138,5785,5628,5760,5853,5894,5800,5760,5982,6310,6499,6491,6149,5843,5677,5831,5899,5863,5845,5913,5999,6424,6614,6569,5948,5850,5769,5924,6065,6044,6005,6000,6062,6503,6683,6716,6175,6076,5916,6095,6197,6180,6119,6000,6101,6435,6555,6436,6098,5827,5619,5743,5738,5620,5508,5549,5505,5740,5834,5706,5378,5183,5031,5067,5128,5036,4941,4927,5010,5177,5320,5246,4950,4738,4498,4577,4532,4450,4482,4248,4268,4565,4647,4550,4156
66,Newbridge,280422,214733,Kildare,3910,3987,4019,4213,4497,4885,5189,5202,5302,5795,6184,7123,7762,8113,8551,8722,8976,9008,9109,8608,8364,8555,8880,9106,9237,9418,9382,9491,9649,9845,9796,9555,9400,9176,9388,9440,9504,9598,9580,9387,9723,10011,9892,9396,9128,9000,9082,9166,9294,9364,9356,9503,9656,9823,9623,9080,8880,8976,9222,9362,9543,9585,9501,9543,9934,9882,9566,9289,9007,8813,8895,8936,8940,8862,8752,8877,8929,9095,8973,8363,7996,7888,7841,7905,7853,7801,7754,7855,8071,8050,7967,7541,7243,6963,6926,6874,6911,6867,6745,6694,6638,6719,6668,5866
67,Kilkenny,251203,155536,Kilkenny,2674,2772,2734,2920,3059,3315,3472,3400,3553,3722,4132,4661,4931,5053,5105,5259,5533,5743,5732,5486,5500,5617,5702,5920,5867,5772,5864,5996,6285,6448,6434,5998,5903,5856,6088,6155,6131,6095,6048,6133,6373,6530,6518,6065,6050,5999,6086,6186,6088,6004,5967,6070,6299,6440,6356,5987,5853,5819,5958,5985,5938,5854,5841,5865,6044,6227,6121,5678,5457,5378,5444,5535,5553,5427,5358,5423,5445,5571,5466,5045,4899,4888,4954,4911,4873,4748,4656,4809,4902,5055,5040,4567,4422,4415,4521,4535,4440,4334,4220,4247,4257,4327,4244,3746
68,Thomastown,258807,141508,Kilkenny,493,540,537,556,584,639,661,677,697,769,839,946,1035,1082,1144,1163,1239,1311,1341,1324,1334,1355,1367,1414,1430,1438,1428,1435,1483,1490,1484,1374,1333,1357,1418,1411,1393,1407,1391,1382,1414,1473,1462,1352,1325,1317,1356,1366,1372,1359,1338,1311,1338,1402,1408,1364,1339,1339,1342,1366,1365,1356,1321,1323,1390,1422,1378,1327,1263,1276,1296,1332,1323,1290,1272,1291,1313,1322,1285,1229,1198,1176,1190,1167,1166,1116,1088,1098,1129,1138,1109,1015,1003,1003,1021,1020,1003,997,956,961,993,970,958,839
69,Portarlington,254554,212399,Laoighis,1309,1356,1389,1430,1556,1669,1745,1702,1810,1932,2094,2365,2575,2686,2799,2881,2989,3099,3100,3032,2972,3020,3099,3240,3228,3200,3169,3225,3337,3406,3399,3343,3354,3307,3395,3357,3341,3330,3291,3243,3345,3383,3387,3319,3289,3289,3399,3377,3377,3352,3316,3338,3420,3499,3448,3356,3351,3294,3345,3377,3381,3370,3316,3363,3460,3539,3526,3366,3274,3192,3243,3214,3201,3133,3150,3143,3195,3211,3180,3000,2942,2855,2897,2866,2792,2737,2689,2681,2732,2762,2713,2543,2458,2393,2492,2429,2400,2430,2318,2306,2388,2379,2338,2139
70,Portlaoise,247114,198325,Laoighis,1444,1520,1593,1635,1780,1963,2070,2072,2221,2338,2548,2938,3096,3129,3224,3289,3410,3489,3515,3372,3362,3370,3461,3580,3582,3601,3647,3684,3862,4023,4078,3926,3893,3859,4025,4054,4083,4036,4010,3998,4191,4391,4340,4042,4013,4012,4037,4105,4194,4210,4187,4213,4407,4474,4516,4275,4241,4252,4310,4311,4368,4366,4296,4358,4568,4642,4588,4408,4306,4254,4307,4398,4311,4225,4265,4267,4359,4363,4259,4010,3885,3771,3791,3852,3810,3742,3677,3755,3853,3894,3793,3569,3466,3382,3395,3388,3379,3376,3283,3312,3440,3494,3446,3161
71,Rathdowney,228020,178313,Laoighis,496,498,497,508,558,619,622,611,638,693,734,833,894,932,973,1004,1051,1085,1109,1137,1121,1114,1119,1159,1140,1136,1114,1133,1170,1208,1204,1129,1090,1089,1140,1115,1122,1091,1095,1106,1142,1177,1183,1119,1095,1110,1139,1154,1154,1137,1151,1162,1230,1244,1228,1167,1139,1138,1154,1138,1109,1115,1092,1165,1181,1212,1178,1083,1048,1041,1064,1083,1070,1045,1061,1079,1133,1150,1153,1076,1072,1048,1051,1059,1029,1028,1022,1045,1013,1082,1062,984,934,929,959,964,962,957,931,947,1006,1009,976,905
72,Carrick-On-Shannon,194046,299434,Leitrim,1158,1267,1232,1255,1364,1494,1558,1540,1619,1716,1860,2098,2265,2348,2392,2541,2633,2790,2824,2698,2630,2612,2712,2708,2682,2650,2644,2635,2776,2880,2886,2698,2648,2680,2731,2771,2753,2725,2713,2732,2812,2915,2949,2746,2660,2604,2637,2670,2659,2595,2565,2599,2812,2910,2857,2637,2512,2547,2595,2557,2588,2529,2476,2501,2625,2709,2639,2445,2372,2397,2411,2431,2404,2340,2338,2303,2386,2437,2393,2226,2200,2221,2309,2332,2279,2249,2183,2127,2199,2278,2301,2146,2033,1981,2015,2022,2035,2031,1941,1924,1974,2010,2036,1838
73,Manorhamilton,188936,339615,Leitrim,417,429,436,426,467,506,546,519,567,575,639,733,746,780,794,852,858,912,923,848,852,843,888,927,904,897,893,945,961,1020,1001,910,861,862,899,895,887,859,852,851,894,924,936,808,818,823,840,852,842,832,816,827,880,911,915,832,803,795,803,803,784,772,735,753,803,814,794,748,722,722,719,732,708,689,681,686,731,756,729,660,624,612,643,666,650,636,615,620,624,654,631,588,580,568,567,567,545,556,548,547,597,627,634,568
74,Kilmallock,161159,127484,Limerick County,994,1082,1024,1094,1219,1286,1300,1305,1415,1526,1722,1944,2123,2245,2289,2324,2476,2596,2667,2523,2577,2628,2762,2807,2832,2826,2793,2791,2840,2919,2898,2724,2653,2591,2707,2724,2756,2697,2692,2686,2759,2884,2837,2679,2621,2571,2650,2655,2658,2651,2609,2625,2726,2753,2725,2561,2536,2486,2563,2549,2529,2565,2503,2522,2614,2577,2496,2365,2272,2243,2283,2292,2268,2204,2204,2165,2200,2204,2146,1977,1912,1890,1902,1893,1873,1834,1789,1778,1832,1878,1883,1719,1698,1666,1719,1702,1671,1652,1569,1566,1629,1618,1664,1464
75,Limerick City,157952,156654,Limercik City,6630,7101,6926,7350,7928,8530,8970,8431,8616,9295,10044,11228,12188,12646,13155,14080,14973,15557,15817,15091,14403,14715,15092,15617,15574,15282,15324,15475,15819,16490,16778,16023,15332,14638,14779,14857,14787,14589,14543,14801,15537,15946,16210,15159,14630,14350,14313,14336,14296,14071,13972,14084,14752,15194,15162,14460,13926,13443,13504,13577,13527,13322,13154,13104,13434,13872,14008,13334,12600,12214,12402,12415,12357,12144,12094,12006,12427,12965,12812,11966,11276,10963,11119,10841,10665,10412,10206,10317,11019,11537,11357,10665,10022,9787,9957,9831,9710,9494,9387,9455,10043,10271,10262,9056
76,Newcastle West,128432,133257,Limerick County,1380,1400,1423,1467,1563,1632,1778,1721,1805,2043,2233,2571,2865,3090,3012,3328,3473,3542,3602,3441,3346,3357,3521,3586,3589,3595,3546,3528,3616,3739,3739,3489,3474,3351,3484,3535,3495,3443,3465,3441,3432,3567,3564,3322,3283,3307,3376,3405,3378,3312,3295,3422,3332,3386,3378,3157,3109,3109,3161,3178,3183,3150,3097,3062,3103,3166,3069,2802,2819,2759,2854,2804,2805,2713,2657,2553,2613,2632,2621,2367,2286,2293,2337,2291,2225,2163,2165,2172,2192,2247,2204,1960,1900,1886,1924,1904,1889,1900,1768,1810,1856,1885,1869,1606
77,Longford,214631,276141,Longford,2665,2710,2745,2769,2961,3209,3286,3278,3418,3596,3832,4315,4655,4837,5075,5206,5473,5610,5647,5501,5337,5151,5157,5298,5326,5357,5269,5295,5482,5624,5642,5470,5281,5182,5254,5358,5312,5207,5181,5246,5412,5556,5611,5232,5230,5137,5121,5192,5177,5179,5053,5061,5365,5430,5439,5101,5036,5017,5072,5111,5064,5024,4977,4995,5158,5271,5243,4935,4788,4714,4727,4800,4824,4759,4686,4677,4794,4870,4863,4656,4406,4284,4293,4400,4410,4310,4271,4289,4387,4487,4473,4171,3997,3951,3934,3970,3956,3887,3786,3763,3933,4010,4022,3673
78,Ardee,296140,290243,Louth,991,1000,991,970,1070,1166,1253,1210,1287,1360,1480,1778,1952,2003,2055,2086,2191,2251,2358,2304,2284,2261,2350,2494,2519,2488,2458,2533,2578,2612,2645,2519,2433,2433,2518,2543,2549,2498,2466,2510,2575,2579,2544,2342,2314,2339,2385,2358,2376,2316,2361,2344,2476,2479,2402,2278,2223,2194,2239,2273,2258,2231,2125,2198,2223,2269,2238,2010,1988,1970,2021,2063,2050,1976,1982,1994,2043,2037,1964,1839,1799,1765,1807,1815,1766,1747,1723,1721,1766,1818,1788,1622,1580,1565,1594,1589,1575,1571,1495,1502,1559,1570,1516,1355
79,Drogheda,309332,274995,Louth,3759,3902,3859,3759,4000,4381,4544,4493,4777,5048,5388,6256,6900,7172,7418,7626,8064,8401,8358,7991,7980,7990,8073,8296,8297,8214,8277,8394,8626,8859,8796,8375,8188,8009,8204,8272,8361,8375,8258,8273,8487,8708,8621,8205,8072,8005,8119,8296,8349,8157,8135,8028,8297,8461,8406,7900,7713,7570,7637,7890,7862,7726,7560,7623,7755,7839,7662,7101,6893,6703,6744,6916,6934,6874,6810,6936,7104,7238,7121,6706,6506,6304,6343,6473,6382,6296,6221,6349,6512,6622,6568,6078,5809,5728,5797,5820,5772,5706,5438,5419,5538,5698,5607,5075
80,Dundalk,305038,306506,Louth,3191,3258,3254,3331,3547,3777,3944,3856,4022,4282,4547,5159,5544,5754,5871,6034,6390,6492,6501,6124,6005,6004,6191,6322,6325,6388,6303,6488,6727,7056,7071,6691,6498,6449,6696,6767,6834,6741,6825,6955,7306,7552,7517,7001,6889,6963,7022,7121,7084,7003,7023,6984,7469,7454,7508,7115,6851,6885,6930,7082,7087,7026,6920,7026,7299,7428,7316,7069,6908,6737,6611,6734,6752,6635,6547,6555,6907,7038,6950,6456,6103,6017,5955,6083,5986,5881,5900,6078,6208,6341,6255,5825,5553,5444,5531,5493,5396,5406,5210,5354,5554,5626,5551,5002
81,Achill,70634,305099,Mayo,257,283,271,270,282,302,312,281,298,305,333,352,359,364,371,382,403,436,448,429,437,454,481,478,465,453,443,451,478,506,505,480,463,468,486,492,479,477,474,491,484,489,500,447,451,464,489,490,464,446,440,455,477,508,501,451,448,469,486,499,475,441,434,445,474,475,465,432,431,452,450,449,434,411,401,409,408,399,401,364,362,388,402,405,385,360,356,364,375,385,376,326,322,340,356,354,332,316,313,310,322,328,327,299
82,Ballina,124834,318760,Mayo,1548,1601,1587,1598,1704,1842,1964,1854,2024,2083,2252,2546,2660,2733,2756,2852,3037,3170,3242,3029,3031,3059,3173,3283,3266,3227,3181,3188,3269,3396,3377,3153,3089,3110,3237,3258,3290,3293,3240,3252,3382,3445,3436,3117,3146,3154,3288,3289,3279,3249,3214,3216,3382,3471,3437,3168,3132,3179,3246,3244,3276,3275,3222,3266,3346,3422,3348,3126,3106,3083,3130,3166,3141,3099,3096,3124,3141,3202,3141,2911,2862,2859,2899,2948,2930,2894,2890,2892,2928,2944,2933,2748,2718,2700,2737,2712,2703,2687,2619,2610,2621,2623,2604,2444
83,Ballinrobe,119677,264131,Mayo,437,460,451,447,504,530,547,521,574,647,738,856,917,954,977,976,1036,1154,1118,1009,977,997,1049,1115,1119,1100,1084,1093,1143,1160,1128,1035,1011,1035,1144,1188,1136,1069,1094,1088,1118,1171,1153,999,1003,1028,1097,1078,1087,1074,1031,1022,1087,1118,1068,947,948,971,996,1016,1004,990,945,931,976,1015,980,866,850,828,854,876,901,881,878,842,896,901,905,805,805,802,829,845,838,824,768,777,843,835,822,745,723,708,725,691,673,686,652,654,676,661,646,570
84,Belmullet,70628,332181,Mayo,489,510,496,501,552,604,604,595,609,636,677,714,741,775,764,806,839,867,890,872,951,979,1018,1027,1005,1033,1039,1038,1079,1078,1075,1035,988,1018,1076,1099,1090,1071,1100,1131,1202,1212,1201,1098,1048,1021,1029,1026,1009,973,969,996,1051,1068,1060,979,944,931,952,943,912,918,912,914,960,991,974,916,841,822,843,836,812,808,822,803,828,843,836,759,721,730,736,751,747,766,746,749,811,835,834,781,749,744,771,781,773,775,766,744,768,763,757,708
85,Castlebar,115047,289442,Mayo,918,951,981,1065,1205,1306,1373,1291,1320,1395,1522,1712,1821,1889,1934,2022,2253,2359,2358,2186,2213,2199,2198,2387,2331,2349,2335,2396,2574,2651,2618,2388,2332,2313,2421,2469,2449,2420,2368,2389,2512,2642,2695,2414,2350,2376,2376,2415,2397,2369,2270,2340,2553,2646,2640,2373,2337,2309,2331,2370,2368,2381,2348,2385,2556,2593,2593,2417,2312,2221,2233,2304,2292,2285,2268,2302,2340,2390,2396,2107,2031,2005,2053,2087,2013,1982,1922,1917,2076,2153,2159,1929,1858,1850,1848,1857,1866,1815,1755,1755,1861,1922,1899,1679
86,Claremorris,134455,274678,Mayo,552,577,575,584,628,692,721,727,764,827,911,1044,1112,1146,1140,1164,1261,1343,1388,1304,1321,1335,1402,1461,1471,1413,1368,1337,1362,1440,1419,1341,1302,1288,1346,1351,1338,1332,1339,1295,1365,1392,1394,1315,1296,1311,1348,1373,1370,1324,1318,1290,1361,1438,1439,1355,1354,1366,1414,1433,1440,1403,1357,1366,1405,1394,1354,1266,1258,1229,1275,1272,1265,1261,1219,1206,1261,1257,1236,1149,1143,1151,1168,1173,1172,1152,1119,1082,1183,1221,1198,1099,1015,980,1005,999,997,965,928,918,981,973,956,877
87,Swinford,138589,299431,Mayo,783,862,807,858,950,1037,1076,994,1018,1077,1182,1302,1353,1389,1450,1517,1644,1724,1746,1583,1601,1587,1647,1727,1688,1656,1608,1619,1743,1834,1830,1681,1587,1548,1672,1659,1680,1667,1680,1677,1755,1795,1774,1567,1528,1513,1568,1551,1576,1544,1532,1506,1648,1677,1666,1470,1474,1469,1546,1509,1494,1507,1454,1516,1590,1624,1598,1473,1432,1424,1468,1463,1478,1430,1442,1445,1452,1484,1480,1357,1304,1280,1319,1315,1318,1310,1289,1339,1383,1422,1405,1273,1208,1172,1198,1205,1218,1229,1172,1165,1240,1251,1254,1103
88,Westport,99828,283787,Mayo,663,649,627,675,751,824,850,838,964,1058,1154,1376,1467,1516,1558,1589,1683,1709,1677,1573,1597,1621,1768,1868,1812,1815,1763,1817,1866,1900,1846,1741,1748,1742,1869,1952,1964,1913,1853,1889,1926,1945,1914,1793,1801,1839,1912,1922,1932,1875,1854,1829,1865,1874,1864,1768,1742,1812,1873,1914,1926,1847,1785,1773,1779,1829,1755,1643,1667,1699,1788,1773,1717,1686,1627,1605,1603,1601,1557,1409,1409,1459,1517,1578,1534,1481,1430,1421,1394,1396,1379,1312,1278,1281,1335,1349,1335,1283,1220,1199,1216,1208,1194,1093
89,Kells,274045,275708,Meath,688,758,788,767,864,940,1013,1001,1064,1143,1298,1477,1564,1637,1686,1755,1866,2067,1919,1830,1813,1784,1860,1936,1905,1892,1872,1904,2027,2147,2160,2040,1968,1947,2061,2116,2131,2098,2086,2055,2103,2179,2165,2094,2085,2102,2139,2200,2197,2157,2125,2132,2185,2230,2172,2122,2096,2112,2141,2139,2146,2145,2110,2045,2083,2086,2052,1931,1888,1832,1873,1889,1895,1872,1851,1790,1842,1873,1798,1649,1619,1588,1599,1587,1530,1495,1476,1485,1528,1564,1545,1403,1381,1346,1376,1349,1361,1376,1311,1306,1323,1345,1318,1195
90,Navan,287025,267511,Meath,2204,2388,2401,2396,2610,2785,3074,2980,3171,3339,3636,4303,4683,5003,5312,5549,5741,5964,5910,5738,5695,5599,5747,5926,5933,5914,5988,6016,6143,6259,6336,6149,5991,5965,6135,6086,6094,6022,6070,6059,6187,6207,6244,5984,5983,5913,5946,5965,5964,5938,5931,5917,5618,5666,5552,5271,5124,5083,5144,5240,5264,5198,5133,5119,5144,5249,5187,4870,4685,4622,4689,4742,4760,4739,4734,4771,4880,4945,4868,4569,4398,4284,4257,4320,4246,4286,4270,4270,4371,4344,4304,3965,3805,3745,3747,3752,3756,3753,3699,3786,3767,3797,3811,3453
91,Trim,280174,256459,Meath,1229,1326,1322,1337,1427,1595,1690,1617,1727,1810,2043,2439,2649,2824,2973,3064,3257,3454,3409,3183,3285,3383,3464,3736,3761,3743,3696,3618,3775,3909,3852,3652,3654,3654,3820,3855,3824,3722,3732,3704,3803,3964,3881,3643,3599,3616,3641,3786,3680,3627,3573,3509,3615,3680,3584,3398,3347,3361,3442,3424,3420,3425,3328,3393,3516,3579,3515,3236,3057,3027,3109,3100,3120,3030,3053,3022,3085,3128,3050,2805,2792,2737,2845,2807,2780,2707,2648,2656,2726,2793,2763,2507,2492,2429,2532,2461,2442,2464,2343,2364,2454,2461,2401,2144
92,Carrickmacross,284148,303608,Monaghan,652,678,688,727,827,872,905,932,1028,1089,1168,1333,1423,1452,1467,1515,1604,1675,1662,1584,1556,1593,1626,1660,1672,1661,1662,1633,1672,1720,1727,1631,1551,1524,1536,1564,1621,1574,1556,1570,1618,1648,1650,1533,1477,1476,1509,1547,1570,1536,1542,1546,1651,1656,1651,1598,1520,1492,1529,1550,1554,1537,1520,1519,1617,1653,1625,1515,1452,1414,1443,1603,1462,1410,1442,1594,1627,1647,1419,1331,1289,1265,1309,1317,1296,1248,1199,1150,1260,1287,1274,1156,1105,1074,1094,1103,1085,1068,1036,1006,1064,1059,1059,932
93,Castleblayney,282872,319518,Monaghan,702,741,750,767,820,939,969,955,995,1064,1106,1286,1421,1443,1507,1514,1555,1636,1679,1544,1579,1603,1658,1707,1698,1686,1752,1718,1769,1854,1851,1705,1651,1624,1669,1703,1706,1675,1702,1735,1831,1910,1912,1811,1794,1784,1769,1829,1847,1875,1891,1864,1987,2048,2018,1928,1883,1783,1824,1836,1856,1850,1827,1854,1950,2002,1952,1807,1726,1657,1659,1712,1711,1673,1631,1609,1781,1745,1699,1554,1501,1444,1493,1475,1533,1471,1428,1384,1497,1535,1533,1383,1287,1247,1267,1285,1275,1277,1257,1235,1341,1350,1321,1182
94,Clones,250114,326007,Monaghan,304,328,354,372,421,473,449,415,428,440,466,587,621,627,681,693,756,795,790,726,720,704,725,739,728,729,732,733,780,825,814,747,731,742,777,764,750,746,760,774,817,853,859,773,753,745,811,805,801,807,792,795,862,888,874,806,767,752,777,786,783,807,773,782,844,861,831,783,739,729,748,743,718,713,730,708,730,756,747,696,666,640,647,644,No Data,No Data,No Data,No Data,No Data,No Data,No Data,No Data,No Data,No Data,No Data,No Data,No Data,No Data,No Data,No Data,No Data,No Data,No Data,No Data
95,Monaghan,267401,333446,Monaghan,942,1027,1035,1086,1135,1284,1324,1295,1366,1413,1557,1802,1938,2008,2122,2166,2301,2365,2413,2240,2252,2258,2325,2456,2461,2431,2434,2445,2575,2655,2657,2437,2354,2305,2390,2413,2431,2407,2441,2443,2612,2715,2699,2512,2442,2387,2400,2462,2446,2440,2418,2427,2638,2748,2713,2517,2400,2310,2357,2361,2337,2318,2248,2276,2419,2483,2429,2277,2110,2047,2140,2140,2121,2086,2125,2035,2218,2237,2196,2054,1962,1883,1890,1903,2373,2279,2242,2239,2403,2475,2466,2253,2178,2115,2133,2103,2102,2094,2007,1957,2116,2081,2046,1805
96,Nenagh,187048,178961,Tipperary North Riding,1023,1057,1007,1089,1222,1303,1407,1270,1322,1499,1681,1900,2046,2089,2174,2302,2501,2629,2676,2532,2529,2546,2642,2811,2825,2836,2782,2919,3057,3081,3074,2836,2823,2812,2923,3055,2996,3021,2975,3102,3184,3224,3236,2979,2927,2919,2980,3041,2973,2866,2859,2949,3059,3140,3078,2892,2795,2798,2897,2966,2908,2882,2835,2921,3017,3058,3027,2795,2755,2719,2808,2853,2818,2714,2723,2730,2783,2812,2795,2570,2518,2486,2542,2568,2497,2465,2446,2529,2635,2658,2589,2371,2341,2275,2361,2321,2246,2252,2149,2189,2339,2329,2305,2043
97,Roscrea,213608,189238,Tipperary North Riding,536,588,554,568,659,734,763,706,725,731,839,889,990,1039,1093,1117,1221,1283,1288,1193,1228,1210,1265,1308,1326,1322,1333,1359,1432,1453,1437,1346,1308,1333,1420,1446,1455,1450,1450,1433,1485,1520,1509,1390,1379,1404,1428,1418,1431,1416,1396,1427,1486,1530,1531,1417,1400,1373,1412,1385,1378,1391,1337,1389,1445,1466,1459,1352,1335,1305,1335,1316,1337,1288,1313,1294,1331,1337,1331,1228,1198,1163,1193,1166,1168,1138,1119,1164,1187,1246,1213,1059,1098,1044,1085,1075,1052,1076,1024,1051,1112,1119,1120,989
98,Thurles,212859,158482,Tipperary North Riding,1113,1184,1169,1265,1441,1559,1592,1482,1507,1571,1814,2058,2085,2261,2344,2521,2696,2867,2907,2655,2637,2629,2666,2759,2798,2832,2814,2847,3062,3136,3201,2883,2782,2764,2915,2946,3006,2995,2974,3058,3296,3421,3427,3095,3058,3083,3162,3200,3158,3094,3080,3070,3296,3346,3299,3016,2938,2941,3026,3044,3006,2989,2966,3029,3219,3254,3219,2866,2845,2781,2833,2890,2887,2791,2743,2770,2861,2970,2892,2632,2534,2497,2536,2578,2572,2536,2465,2506,2640,2697,2673,2413,2359,2372,2460,2462,2461,2443,2394,2365,2502,2546,2503,2247
99,Birr,206527,204711,Offaly,1025,1055,1009,984,1127,1261,1261,1185,1261,1355,1521,1665,1755,1798,1845,1892,1995,2129,2162,2050,2061,2056,2181,2223,2263,2225,2224,2316,2453,2537,2503,2343,2335,2328,2431,2411,2419,2409,2451,2495,2620,2685,2645,2439,2365,2381,2487,2423,2406,2357,2352,2357,2537,2545,2517,2418,2380,2402,2480,2477,2448,2422,2349,2398,2454,2452,2394,2258,2238,2221,2278,2299,2284,2275,2262,2305,2390,2358,2342,2205,2184,2136,2203,2168,2132,2085,2037,2048,2068,2126,2119,1972,1919,1915,1984,1970,1916,1929,1858,1872,1979,1988,1982,1817
100,Edenderry,262743,232299,Offaly,901,973,916,926,992,1068,1126,1157,1279,1402,1552,1726,1898,1988,2032,2137,2217,2304,2305,2223,2180,2233,2255,2337,2384,2406,2321,2337,2410,2501,2534,2441,2403,2413,2502,2521,2503,2503,2439,2477,2517,2614,2576,2473,2465,2491,2570,2606,2576,2552,2501,2463,2577,2630,2600,2493,2455,2452,2521,2535,2521,2489,2456,2450,2458,2462,2415,2277,2270,2274,2305,2273,2244,2191,2184,2212,2223,2292,2235,2154,2106,2102,2126,2073,2049,2038,2026,2053,2068,2131,2083,1935,1939,1898,1956,1952,1953,1940,1864,1885,1878,1877,1861,1736
101,Tullamore,233709,224607,Offaly,1801,1839,1842,1884,2087,2168,2318,2256,2316,2405,2538,2883,3095,3400,3536,3537,3656,3817,3820,3732,3710,3732,3755,3863,3824,3816,3840,3958,4048,4237,4247,4136,4114,4097,4229,4296,4312,4244,4208,4269,4464,4571,4539,4326,4215,4202,4273,4328,4328,4257,4203,4279,4511,4579,4535,4364,4290,4184,4207,4299,4301,4230,4175,4346,4550,4548,4468,4213,4171,4100,4114,4148,4147,4080,3981,4056,4056,4099,4040,3778,3727,3614,3606,3664,3650,3605,3547,3519,3737,3726,3613,3369,3358,3311,3298,3282,3271,3176,3175,3200,3259,3283,3099,2807
102,Boyle,180623,302304,Roscommon,434,457,432,443,504,562,575,564,594,621,671,784,849,866,897,916,978,1024,1034,978,988,983,978,1012,1033,1032,1022,1009,1061,1102,1098,1044,1000,986,1002,1019,1033,1046,1053,1075,1100,1154,1129,1036,1032,1050,1068,1076,1072,1043,998,1015,1079,1086,1100,1018,1028,1057,1068,1044,1049,1058,1044,1012,1074,1091,1077,955,966,987,994,1009,997,962,952,930,964,993,988,920,920,907,913,902,867,860,847,820,856,917,910,838,819,800,825,807,797,795,762,739,793,810,804,737
103,Castlerea,167896,279527,Roscommon,787,916,866,840,924,1009,1053,971,1029,1095,1174,1343,1441,1485,1474,1532,1633,1703,1751,1636,1658,1604,1669,1727,1759,1718,1689,1710,1778,1910,1926,1796,1738,1667,1768,1799,1834,1811,1749,1757,1877,1925,1875,1718,1663,1642,1718,1740,1742,1746,1713,1726,1856,1917,1930,1735,1660,1675,1740,1747,1740,1740,1654,1669,1752,1810,1836,1646,1630,1617,1685,1639,1615,1615,1631,1597,1665,1695,1659,1536,1545,1495,1572,1528,1522,1487,1465,1452,1504,1586,1583,1418,1403,1360,1428,1410,1388,1416,1343,1294,1361,1416,1413,1264
104,Roscommon,187686,263914,Roscommon,492,509,479,500,553,611,629,638,670,755,848,966,1048,1090,1108,1107,1144,1154,1187,1139,1135,1140,1173,1206,1205,1203,1202,1190,1236,1294,1305,1238,1196,1182,1232,1247,1266,1245,1246,1276,1330,1352,1360,1224,1198,1178,1194,1217,1241,1219,1191,1261,1341,1351,1346,1259,1202,1200,1260,1280,1263,1254,1221,1283,1341,1356,1323,1225,1193,1174,1203,1236,1237,1222,1188,1185,1232,1240,1206,1078,1049,1018,1034,1036,1018,967,960,997,1020,1060,1056,986,1002,976,1021,991,974,976,917,898,946,953,941,865
105,Sligo,169267,335690,Sligo,1911,1981,2008,2063,2248,2413,2582,2391,2497,2674,2816,3286,3561,3719,3829,4047,4229,4434,4504,4262,4081,4061,4098,4347,4343,4326,4316,4565,4740,4879,4904,4409,4257,4318,4471,4581,4602,4578,4505,4545,4805,4951,5000,4451,4386,4320,4364,4435,4430,4345,4328,4439,4693,4857,4790,4215,4182,4163,4224,4385,4362,4223,4162,4313,4582,4685,4630,4311,4163,4110,4108,4172,4130,4081,3992,4023,4315,4451,4346,4060,3876,3816,3816,3858,3853,3774,3699,3738,3919,4058,4033,3724,3506,3452,3515,3597,3561,3568,3471,3528,3657,3704,3739,3296
106,Tubbercurry,151834,311316,Sligo,499,528,513,522,586,622,649,614,623,663,713,800,841,871,875,914,966,1003,1008,905,884,859,894,932,937,923,912,970,1026,1053,1041,959,892,883,933,946,941,900,913,936,982,1011,1014,882,862,869,875,864,864,862,851,884,948,975,955,901,862,870,884,891,888,879,866,933,951,965,953,858,841,831,834,846,850,848,849,866,884,884,865,800,797,771,783,793,781,767,746,773,803,807,806,708,686,668,682,692,687,686,656,673,685,701,712,629
107,Cahir,204952,124488,Tipperary South Riding,469,493,483,571,623,631,661,613,621,777,864,954,1034,1052,1136,1194,1255,1265,1263,1220,1209,1223,1247,1281,1313,1293,1303,1325,1390,1442,1448,1362,1341,1349,1410,1438,1450,1411,1381,1388,1397,1447,1435,1358,1328,1318,1354,1372,1373,1327,1325,1344,1381,1418,1407,1362,1308,1253,1345,1331,1327,1408,1393,1347,1388,1379,1352,1262,1228,1201,1241,1221,1209,1200,1198,1208,1210,1257,1239,1148,1142,1127,1135,1129,1120,1096,1071,1094,1145,1164,1128,1038,1006,988,1017,1034,1030,1034,971,980,1004,1004,987,907
108,Carrick-On-Suir,240141,121476,Tipperary South Riding,1020,1070,1073,1103,1216,1278,1319,1285,1323,1389,1508,1605,1704,1744,1777,1819,1938,1994,2014,1976,2009,2029,2039,2017,2027,2019,2007,2025,2156,2225,2239,2138,2122,2113,2151,2150,2141,2130,2100,2099,2121,2175,2205,2070,2019,2015,2081,2090,2085,2069,2035,2076,2177,2220,2159,2049,1951,1953,2000,2007,1972,1951,1913,1916,1950,1984,1959,1902,1808,1763,1788,1785,1806,1756,1743,1766,1795,1818,1840,1690,1681,1657,1699,1685,1674,1650,1625,1663,1697,1719,1688,1560,1557,1523,1564,1546,1524,1523,1475,1538,1534,1562,1522,1363
109,Cashel,208013,140047,Tipperary South Riding,393,408,410,438,491,514,559,532,591,618,735,818,845,896,964,977,1020,1068,1100,1055,1079,1083,1114,1197,1198,1209,1195,1216,1274,1280,1322,1230,1208,1213,1260,1261,1243,1203,1237,1237,1245,1279,1252,1179,1162,1155,1198,1201,1215,1217,1202,1202,1245,1268,1248,1178,1113,1129,1175,1196,1202,1167,1148,1153,1234,1221,1187,1092,1082,1106,1164,1176,1166,1137,1116,1115,1123,1122,1106,1026,1012,1004,1031,1060,1035,1015,998,1017,1025,1063,1035,931,911,892,954,944,920,907,878,882,944,933,933,818
110,Clonmel,220955,121917,Waterford County,1138,1167,1122,1131,1244,1346,1426,1356,1416,1516,1666,1917,2016,2121,2160,2252,2346,2515,2579,2514,2480,2374,2479,2577,2628,2612,2657,2725,2831,2946,2932,2771,2720,2713,2817,2836,2804,2815,2828,2874,2941,3044,3051,2851,2825,2827,2875,2903,2903,2971,2934,3011,3082,3157,3085,2931,2848,2771,2878,2907,2895,2986,3022,3074,3123,3137,3129,2860,2802,2774,2804,2813,2810,2811,2758,2714,2811,2866,2785,2555,2494,2433,2478,2480,2489,2464,2470,2562,2611,2616,2586,2356,2243,2217,2232,2277,2310,2274,2189,2288,2302,2287,2282,1964
111,Tipperary,189264,135633,Tipperary South Riding,633,679,646,647,720,803,845,839,894,997,1105,1251,1324,1398,1454,1453,1506,1594,1598,1547,1546,1581,1635,1667,1669,1714,1699,1746,1822,1890,1878,1769,1714,1709,1815,1798,1796,1761,1791,1795,1820,1894,1882,1770,1725,1723,1772,1759,1745,1727,1684,1678,1793,1843,1838,1766,1699,1688,1735,1732,1761,1721,1671,1685,1762,1799,1738,1582,1556,1560,1606,1609,1610,1607,1605,1611,1649,1691,1636,1530,1494,1468,1521,1510,1468,1456,1431,1473,1520,1548,1520,1412,1375,1354,1404,1392,1390,1360,1327,1337,1409,1410,1392,1280
112,Dungarvan,226161,92781,Waterford County,1072,1154,1090,1125,1256,1355,1352,1279,1358,1440,1563,1708,1836,1910,1963,2079,2208,2342,2341,2182,2139,2161,2236,2287,2286,2271,2246,2346,2481,2595,2625,2388,2342,2272,2365,2350,2341,2355,2417,2423,2497,2605,2627,2326,2311,2307,2380,2323,2326,2288,2307,2337,2432,2475,2436,2241,2162,2153,2210,2208,2196,2225,2185,2215,2252,2314,2282,2115,2029,2031,2084,2076,2064,2011,2012,2045,2131,2189,2115,1895,1807,1735,1768,1814,1754,1718,1692,1681,1810,1881,1847,1684,1668,1629,1686,1674,1617,1634,1559,1603,1663,1681,1658,1495
113,Waterford City,260855,111407,Waterford City,6329,7247,6586,6854,7926,8383,8045,7817,8051,8300,8886,9713,10617,10779,11012,11515,12165,12677,12720,12233,12019,11870,12109,12310,12182,12135,12045,12294,12767,13019,12888,12115,11414,11313,11624,11793,11746,11694,11718,12087,12244,12559,12604,11529,11879,11900,12100,12193,12127,12001,11891,12054,12378,12693,12658,11985,11507,11786,11754,11968,11762,11730,11514,11490,11916,11993,11944,11245,10961,10944,10985,11246,11120,10708,10519,10583,10978,11018,11011,10344,9705,9464,9632,9695,9617,9551,9516,9659,9935,10079,9921,9390,8963,8815,8992,8911,8852,8745,8560,8614,9041,9129,9063,8134
114,Athlone,203830,241368,Westmeath,1716,1831,1759,1848,2095,2252,2352,2191,2325,2455,2709,3078,3257,3383,3500,3643,3802,4057,4139,3865,3726,3768,3938,4080,3971,3910,3878,3985,4160,4279,4334,3933,3862,3817,3962,4064,4068,3995,4004,3998,4287,4431,4405,3938,3956,3978,4010,4146,4049,3965,3928,3955,4381,4479,4516,4075,3988,3972,4077,4144,4116,4108,4022,4207,4448,4500,4459,3972,3967,3996,4030,4039,3973,3941,3912,3980,4108,4161,4136,3691,3553,3490,3518,3529,3491,3443,3393,3537,3660,3690,3748,3360,3315,3304,3349,3405,3389,3347,3269,3332,3367,3418,3374,2977
115,Castlepollard,246409,270206,Westmeath,512,556,550,587,656,656,702,682,796,850,1048,1090,1149,1198,1207,1188,1269,1306,1324,1280,1252,1232,1210,1267,1261,1261,1245,1260,1278,1344,1333,1265,1240,1206,1236,1265,1237,1230,1219,1229,1270,1275,1260,1211,1190,1188,1200,1217,1186,1168,1164,1186,1264,1275,1288,1234,1198,1161,1189,1197,1209,1227,1188,1210,1219,1230,1225,1154,1158,1117,1142,1134,1136,1151,1125,1115,1123,1144,1117,1083,1027,995,1002,998,1006,977,962,970,1001,1013,1017,953,929,927,936,946,952,933,899,897,920,935,935,862
116,Mullingar,243901,251849,Westmeath,2346,2478,2461,2538,2733,2891,3010,2944,3085,3253,3516,3869,4201,4324,4493,4654,4802,5016,4967,4829,4714,4771,4848,4983,4918,4932,4946,4972,5132,5313,5329,5065,5030,4874,4956,5025,5087,5097,5020,5039,5206,5337,5341,5025,4943,4917,5030,5007,5020,4899,4876,4930,5171,5303,5267,5040,4992,4950,4978,5050,4977,5004,4928,4995,5182,5242,5121,4833,4711,4640,4642,4681,4662,4671,4623,4634,4733,4838,4782,4519,4429,4305,4340,4417,4429,4398,4370,4361,4435,4546,4490,4141,4051,4009,3998,4028,4016,3981,3861,3892,3958,4068,4059,3720
117,Enniscorthy,297347,139657,Wexford,2166,2225,2254,2345,2475,2634,2733,2687,2845,2981,3249,3625,3856,3917,4014,4120,4323,4366,4396,4236,4213,4291,4333,4485,4473,4526,4526,4532,4617,4776,4768,4589,4528,4521,4718,4735,4765,4801,4774,4759,4877,4996,4987,4791,4655,4642,4731,4787,4759,4814,4782,4806,4942,4970,4876,4599,4546,4559,4579,4628,4641,4586,4599,4642,4814,4834,4795,4572,4414,4379,4367,4521,4464,4383,4326,4331,4381,4462,4390,4194,4098,4093,4099,4160,4131,4066,4023,4042,4147,4161,4066,3931,3794,3752,3750,3733,3708,3649,3545,3536,3658,3667,3588,3349
118,Gorey,315909,159426,Wexford,1547,1612,1598,1642,1805,2003,2106,2093,2304,2441,2605,2965,3192,3329,3397,3461,3635,3771,3765,3706,3661,3772,3847,4035,4066,4056,4005,4009,4099,4219,4230,4077,4023,3984,4164,4250,4256,4246,4221,4180,4265,4359,4357,4179,4101,4076,4139,4201,4202,4124,4110,4070,4192,4245,4149,3914,3931,3908,4007,4047,4015,3987,3939,3926,4026,4031,3997,3845,3770,3732,3763,3799,3808,3782,3764,3680,3785,3837,3822,3607,3592,3545,3623,3643,3583,3478,3401,3348,3425,3525,3461,3251,3194,3166,3248,3221,3220,3194,3049,3056,3117,3152,3112,2870
119,New Ross,272156,127532,Wexford,1490,1592,1580,1723,1809,1898,1960,1913,2075,2165,2300,2500,2671,2771,2858,2977,3185,3297,3360,3271,3243,3279,3347,3433,3373,3361,3385,3412,3554,3650,3630,3456,3440,3381,3504,3535,3565,3543,3572,3483,3689,3696,3681,3458,3406,3409,3484,3458,3453,3378,3346,3383,3495,3553,3495,3344,3286,3238,3280,3281,3257,3270,3150,3243,3342,3356,3258,3010,2964,2936,2959,2946,2938,2874,2918,2917,3037,3058,3003,2841,2839,2804,2847,2797,2751,2666,2639,2706,2782,2793,2733,2513,2502,2433,2489,2448,2426,2450,2377,2426,2535,2561,2466,2291
120,Wexford,305004,121776,Wexford,3256,3335,3229,3313,3456,3677,3768,3773,4161,4474,4820,5415,5545,5754,5714,5941,6249,6366,6404,6213,6314,6441,6629,6884,6880,6707,6705,6600,6642,6790,6837,6391,6381,6552,6892,6970,6979,6928,6912,6944,7192,7337,7326,6970,6923,6925,7012,7078,7092,6987,6891,6943,7015,7169,7161,6859,6717,6676,6839,6927,6856,6637,6527,6482,6688,6779,6711,6310,6201,6164,6221,6420,6281,6143,6064,6077,6125,6189,5997,5644,5560,5549,5628,5780,5628,5522,5439,5445,5481,5489,5384,5012,4925,4916,5044,5061,4955,4858,4658,4710,4676,4745,4683,4243
121,Arklow,324753,173298,Wicklow,1566,1595,1587,1662,1754,1942,2048,2024,2155,2311,2421,2739,2924,3081,3114,3166,3209,3392,3437,3272,3297,3292,3374,3466,3488,3466,3387,3420,3483,3542,3577,3388,3324,3368,3451,3506,3458,3465,3453,3482,3478,3496,3495,3306,3347,3352,3449,3454,3471,3439,3357,3374,3365,3388,3348,3160,3148,3115,3174,3192,3262,3191,3106,3157,3244,3291,3211,3017,3016,3015,3066,3012,2985,2950,2920,2972,3037,3028,2980,2759,2748,2668,2684,2658,2631,2616,2564,2645,2692,2750,2699,2512,2503,2486,2519,2510,2523,2494,2491,2513,2436,2477,2474,2271
122,Baltinglass,286960,188298,Wicklow,589,604,635,648,704,781,798,733,761,822,902,996,1041,1066,1122,1147,1240,1309,1348,1286,1294,1258,1331,1370,1410,1407,1386,1408,1439,1509,1517,1417,1361,1399,1509,1505,1508,1482,1474,1456,1568,1633,1627,1523,1450,1449,1509,1526,1528,1512,1488,1527,1605,1635,1579,1481,1439,1460,1494,1485,1472,1491,1456,1490,1531,1532,1522,1485,1462,1417,1446,1437,1417,1410,1404,1412,1430,1437,1417,1361,1362,1330,1364,1344,1319,1265,1269,1280,1322,1373,1359,1287,1246,1210,1261,1225,1210,1210,1157,1163,1226,1218,1179,1071
123,Bray,326159,218469,Wicklow,1921,2030,2017,2085,2376,2663,2819,2655,2667,2863,3286,3846,4223,4481,4651,4874,5216,5518,5614,5228,4985,4800,4912,5063,5193,5285,5217,5364,5522,5798,5925,5624,5249,5152,5279,5289,5429,5355,5407,5619,5883,6075,6056,5694,5534,5400,5342,5326,5311,5162,5186,5331,5695,5736,5684,5334,5153,5088,5195,5345,5279,5241,5167,5301,5564,5632,5606,5279,5005,4944,4955,5022,5051,5002,4905,4921,5202,5236,5119,4866,4681,4554,4537,4645,4655,4529,4400,4502,4647,4762,4676,4269,4057,3959,3954,4022,3954,3903,3741,3756,3866,3962,3938,3490
124,Wicklow,331381,193632,Wicklow,973,982,976,1014,1100,1178,1243,1231,1298,1379,1470,1643,1778,1840,1903,2016,2114,2155,2133,2037,2092,2108,2154,2202,2208,2225,2186,2172,2268,2332,2325,2178,2149,2142,2219,2209,2232,2233,2226,2182,2265,2309,2278,2161,2138,2173,2180,2235,2237,2206,2197,2253,2351,2365,2298,2189,2182,2158,2219,2235,2259,2227,2233,2294,2353,2387,2348,2207,2181,2201,2206,2264,2253,2224,2188,2196,2258,2280,2200,2030,2011,1986,2002,2049,2034,2010,1984,1973,2000,2034,1993,1818,1814,1784,1787,1818,1806,1786,1737,1739,1787,1813,1772,1630
125,Cork Street,314624,233412,Dublin City,No Data,No Data,No Data,No Data,No Data,No Data,No Data,No Data,No Data,No Data,No Data,No Data,No Data,No Data,No Data,No Data,No Data,No Data,No Data,No Data,No Data,No Data,No Data,No Data,No Data,No Data,No Data,No Data,No Data,No Data,No Data,No Data,No Data,No Data,No Data,No Data,No Data,No Data,No Data,No Data,No Data,No Data,No Data,No Data,No Data,No Data,No Data,No Data,No Data,No Data,No Data,No Data,No Data,No Data,No Data,No Data,No Data,No Data,No Data,No Data,No Data,No Data,No Data,No Data,No Data,No Data,No Data,No Data,No Data,No Data,No Data,No Data,No Data,No Data,No Data,No Data,No Data,No Data,No Data,No Data,No Data,No Data,No Data,No Data,6251,6218,6236,6179,6421,6628,6514,6240,5864,5856,5789,5821,5922,5854,5763,5857,5832,5950,5887,5653
